U0AA4Q8LS, U1JDCJE31, 20 
U938Y4H1P, U966AN0JD, 13 
U2NAF0TEV, U93GXHPA7, 12 
U0AA4Q8LS, UB29NHSKH, 11 
U0AA4Q8LS, U2NAF0TEV, 10 
U2NAF0TEV, UB0SVMJ8K, 10 
U0AA4Q8LS, UCC28R0GL, 10 
U2NAF0TEV, UB1ATRBQV, 10 
U95512YE6, U15CJU8U8, 9 
U9NFAUFU0, U966AN0JD, 8 
U938Y4H1P, U9NFAUFU0, 8 
U15CJU8U8, U95512YE6, 8 
U0AA4Q8LS, UBEB4651V, 8 
U93GXHPA7, U9LPTQL4T, 7 
UCC28R0GL, UC7JZG36C, 7 
U94J27HB3, U95512YE6, 7 
U0AA4Q8LS, U9LPTQL4T, 7 
U1NHMP16K, U0AB2JQFK, 7 
U0AA4Q8LS, UGMT8LWQ2, 7 
U0AA4Q8LS, U938Y4H1P, 7 
UB1ATRBQV, UDZNG4FL7, 7 
U938Y4H1P, UAN783ZJ6, 6 
U0AA4Q8LS, UEGB506PJ, 6 
UB1ATRBQV, UCC28R0GL, 6 
U0AA4Q8LS, UB1ATRBQV, 6 
U95512YE6, U95G5911R, 6 
U1NHMP16K, U94E0CKC4, 6 
UB1ATRBQV, UC7JZG36C, 6 
U2NAF0TEV, U0AB2JQFK, 6 
U0AA4Q8LS, U9558TLMQ, 6 
U95512YE6, U94J27HB3, 6 
U2NAF0TEV, U95512YE6, 5 
U9NFAUFU0, UBQ2YM5BR, 5 
U938Y4H1P, U2NAF0TEV, 5 
U1NHMP16K, U2NAF0TEV, 5 
U93GXHPA7, U95G5911R, 5 
U0AA4Q8LS, U0AB2JQFK, 5 
U1NHMP16K, UB29NHSKH, 5 
U1JDCJE31, UBEB4651V, 5 
U93GXHPA7, U0AB2JQFK, 5 
U9NFAUFU0, UAN783ZJ6, 5 
UCC28R0GL, U1NHMP16K, 5 
U938Y4H1P, U0AA4Q8LS, 5 
U9LPTQL4T, UAH3NDMEZ, 5 
UB29NHSKH, U9558TLMQ, 5 
U15CJU8U8, U2Q6RKFQR, 5 
UB1ATRBQV, UGLGS3TQS, 4 
U0AA4Q8LS, UH8051QS3, 4 
U9LPTQL4T, U95G5911R, 4 
UB1ATRBQV, U2NAF0TEV, 4 
U2NAF0TEV, UB29NHSKH, 4 
U96J96UJY, U96MUUQCW, 4 
U9LPTQL4T, UEGB506PJ, 4 
U93GXHPA7, U2NAF0TEV, 4 
U2NAF0TEV, U15CJU8U8, 4 
U0AA4Q8LS, UDZNG4FL7, 4 
UDZNG4FL7, U96EX75RN, 4 
UB1ATRBQV, U9558TLMQ, 4 
U938Y4H1P, U0Z2D5GGY, 4 
UB29NHSKH, U1NHMP16K, 4 
U2NAF0TEV, U4365G4AU, 4 
U2NAF0TEV, U94J27HB3, 4 
UDZNG4FL7, UCC28R0GL, 4 
UB1ATRBQV, U9LPTQL4T, 4 
U93GXHPA7, U15CJU8U8, 4 
UB1ATRBQV, U1JDCJE31, 4 
U9LPTQL4T, UABFDCBA4, 4 
U95512YE6, U94E0CKC4, 4 
U9LPTQL4T, U93GXHPA7, 4 
UB1ATRBQV, UC1QPKJRF, 4 
U966AN0JD, U9NFAUFU0, 4 
U96SHJAL9, U96SHJAL9, 4 
U2NAF0TEV, U94E0CKC4, 4 
U938Y4H1P, UB29NHSKH, 4 
U938Y4H1P, U9NBSUS21, 4 
U95512YE6, U9LPTQL4T, 4 
U93GXHPA7, U95512YE6, 4 
U93GXHPA7, UA9QGGZU5, 3 
U94J27HB3, U0AA4Q8LS, 3 
U2NAF0TEV, U0Z2D5GGY, 3 
U2NAF0TEV, U95G5911R, 3 
U94J27HB3, U938Y4H1P, 3 
U0Z2D5GGY, UABFDCBA4, 3 
UB1ATRBQV, UB0SVMJ8K, 3 
U1NHMP16K, U9558TLMQ, 3 
U4DBNDVAL, U95G5911R, 3 
U93GXHPA7, U94E0CKC4, 3 
U0Z2D5GGY, U4365G4AU, 3 
U9LPTQL4T, UA9QGGZU5, 3 
UB29NHSKH, UCC28R0GL, 3 
U0AA4Q8LS, UC7JZG36C, 3 
UB1ATRBQV, U96EX75RN, 3 
U938Y4H1P, UB1ATRBQV, 3 
U2NAF0TEV, U9LPTQL4T, 3 
UDZNG4FL7, UC7JZG36C, 3 
UB1ATRBQV, UB29NHSKH, 3 
U2NAF0TEV, U4DBNDVAL, 3 
U938Y4H1P, U9LPTQL4T, 3 
U93GXHPA7, U96J96UJY, 3 
U2NAF0TEV, UGMT8LWQ2, 3 
U93GXHPA7, UABFDCBA4, 3 
U15CJU8U8, U94E0CKC4, 3 
UCC28R0GL, UB29NHSKH, 3 
U1JDCJE31, U0AA4Q8LS, 3 
U938Y4H1P, UB8L6ANL9, 3 
U1NHMP16K, U95512YE6, 3 
UCC28R0GL, U95512YE6, 3 
U15CJU8U8, U4DBNDVAL, 3 
U2NAF0TEV, U1JDCJE31, 3 
U95512YE6, U93GXHPA7, 3 
U938Y4H1P, U1NHMP16K, 3 
U2NAF0TEV, U9558TLMQ, 3 
U93GXHPA7, U1JDCJE31, 3 
U2NAF0TEV, UABFDCBA4, 3 
U1JDCJE31, U93GXHPA7, 3 
UDZNG4FL7, UB1ATRBQV, 3 
U95512YE6, U2NAF0TEV, 3 
U0Z2D5GGY, U4H8SC4GH, 3 
U96J96UJY, U95G5911R, 3 
U93GXHPA7, UBM7N6HGF, 3 
U94J27HB3, U15CJU8U8, 3 
U94E0CKC4, UABFDCBA4, 3 
U2NAF0TEV, U4HAFJGRX, 3 
UB1ATRBQV, UHJ705C87, 3 
U966AN0JD, UAN783ZJ6, 3 
U96J96UJY, U2NAF0TEV, 3 
U95512YE6, U96EX75RN, 3 
U0AA4Q8LS, U1NHMP16K, 3 
U93GXHPA7, U2Q6RKFQR, 3 
U966AN0JD, UBQ2YM5BR, 3 
UABFDCBA4, U938Y4H1P, 2 
U0AA4Q8LS, U4DBNDVAL, 2 
UGLGS3TQS, UC7JZG36C, 2 
UGLGS3TQS, UCC28R0GL, 2 
U94J27HB3, UB29NHSKH, 2 
U966AN0JD, UFP2SC03D, 2 
U9LPTQL4T, U96N34SLV, 2 
U938Y4H1P, UC1QPKJRF, 2 
U15CJU8U8, U0AB2JQFK, 2 
U94J27HB3, U95HEFZV5, 2 
U95512YE6, UBM7N6HGF, 2 
U2NAF0TEV, U0K8V3V9D, 2 
U938Y4H1P, U1JDCJE31, 2 
U94J27HB3, UFR6Y59RT, 2 
U15CJU8U8, U0Z2D5GGY, 2 
UCC28R0GL, UB8L6ANL9, 2 
U9NFAUFU0, U0Z2D5GGY, 2 
U93GXHPA7, UDCQT5MA8, 2 
U0AA4Q8LS, U93GXHPA7, 2 
U2NAF0TEV, U96EX75RN, 2 
U15CJU8U8, U1NHMP16K, 2 
U9LPTQL4T, UB1ATRBQV, 2 
U966AN0JD, U0Z2D5GGY, 2 
U93GXHPA7, UBBE338JE, 2 
UGLGS3TQS, UDZNG4FL7, 2 
U2NAF0TEV, UA9QGGZU5, 2 
UABFDCBA4, UB0SVMJ8K, 2 
U1NHMP16K, U95HEFZV5, 2 
UGLGS3TQS, UHJ705C87, 2 
U0AA4Q8LS, UGLGS3TQS, 2 
UHJ705C87, UEGB506PJ, 2 
U94E0CKC4, U4365G4AU, 2 
U938Y4H1P, U9558TLMQ, 2 
U9LPTQL4T, U4DBNDVAL, 2 
U938Y4H1P, UEGB506PJ, 2 
UB1ATRBQV, U938Y4H1P, 2 
U0AA4Q8LS, UB0SVMJ8K, 2 
UB29NHSKH, U1JDCJE31, 2 
U95512YE6, U96N34SLV, 2 
U9558TLMQ, U962U594H, 2 
U15CJU8U8, U94J27HB3, 2 
U95512YE6, U1JDCJE31, 2 
U0AA4Q8LS, U2Q6RKFQR, 2 
U93GXHPA7, UB1ATRBQV, 2 
U2NAF0TEV, U938Y4H1P, 2 
UB1ATRBQV, UEGB506PJ, 2 
UABFDCBA4, UB8LF3N67, 2 
UB1ATRBQV, U1NHMP16K, 2 
UC1QPKJRF, U93GXHPA7, 2 
UB29NHSKH, UB1ATRBQV, 2 
U1NHMP16K, U94J27HB3, 2 
U938Y4H1P, U4DBNDVAL, 2 
UDZNG4FL7, UGTD7K988, 2 
U4H8SC4GH, U0Z2D5GGY, 2 
U15CJU8U8, UA9QGGZU5, 2 
U15CJU8U8, U93GXHPA7, 2 
U0AA4Q8LS, U4365G4AU, 2 
U95512YE6, UB29NHSKH, 2 
U0AA4Q8LS, U0Z2D5GGY, 2 
U94J27HB3, U1NHMP16K, 2 
U0AA4Q8LS, UB8L6ANL9, 2 
UGLGS3TQS, UB1ATRBQV, 2 
UB1ATRBQV, UGMLZNLD9, 2 
U938Y4H1P, U0AB2JQFK, 2 
U1JDCJE31, U9LPTQL4T, 2 
U2NAF0TEV, UH8051QS3, 2 
UB29NHSKH, U938Y4H1P, 2 
U9LPTQL4T, UCC28R0GL, 2 
U9NFAUFU0, U938Y4H1P, 2 
U1NHMP16K, UC7JZG36C, 2 
U2NAF0TEV, U1NHMP16K, 2 
UDZNG4FL7, UB0SVMJ8K, 2 
U93GXHPA7, UB8LF3N67, 2 
U938Y4H1P, U96MUUQCW, 2 
U0AA4Q8LS, UEMHXN465, 2 
U2NAF0TEV, U2KQRJM6V, 2 
U96J96UJY, U95512YE6, 2 
U938Y4H1P, UCC28R0GL, 2 
U2NAF0TEV, U96MUUQCW, 2 
U938Y4H1P, U95512YE6, 2 
U15CJU8U8, UDCQT5MA8, 2 
UB1ATRBQV, U0AB2JQFK, 2 
UCC28R0GL, U9LPTQL4T, 2 
UGLGS3TQS, U2NAF0TEV, 2 
U9558TLMQ, U1NHMP16K, 2 
UB0SVMJ8K, U2NAF0TEV, 2 
UBQ2YM5BR, U9NFAUFU0, 2 
UC1QPKJRF, U15CJU8U8, 2 
U2NAF0TEV, U96N34SLV, 2 
U95512YE6, UABFDCBA4, 2 
UB1ATRBQV, U93GXHPA7, 2 
UABFDCBA4, U0AA4Q8LS, 2 
UBEB4651V, U93GXHPA7, 2 
U0AA4Q8LS, UHJ705C87, 2 
U2Q6RKFQR, U96EX75RN, 2 
U95512YE6, UEGB506PJ, 2 
UBEB4651V, UEGB506PJ, 2 
UB0SVMJ8K, U15CJU8U8, 2 
UBEB4651V, U9LPTQL4T, 2 
U94J27HB3, UBM7N6HGF, 2 
U962U594H, U962U594H, 2 
U95512YE6, U96J96UJY, 2 
UC1QPKJRF, U94J27HB3, 2 
UF47EQSL9, U9743VA3W, 2 
U938Y4H1P, U2Q6RKFQR, 2 
UC7JZG36C, UB8LF3N67, 2 
U95512YE6, U0AB2JQFK, 2 
U93GXHPA7, U2KQRJM6V, 2 
UB8L6ANL9, U2NAF0TEV, 2 
UB1ATRBQV, U2Q6RKFQR, 2 
UABFDCBA4, U96N34SLV, 2 
UABFDCBA4, UA9QGGZU5, 2 
UGLGS3TQS, UEGB506PJ, 2 
UF9TRDAGP, UEGB506PJ, 2 
U94J27HB3, U2NAF0TEV, 2 
UCC28R0GL, U94J27HB3, 2 
U94J27HB3, U1JDCJE31, 2 
U95512YE6, U4DBNDVAL, 2 
U9LPTQL4T, U94E0CKC4, 2 
U9LPTQL4T, UB8LF3N67, 2 
U0AA4Q8LS, U95512YE6, 2 
U2NAF0TEV, U2Q6RKFQR, 2 
U96J96UJY, U95HEFZV5, 2 
U9LPTQL4T, U4H8SC4GH, 2 
U9558TLMQ, U9LPTQL4T, 2 
U0AA4Q8LS, U0AA4Q8LS, 2 
U9NFAUFU0, UHAUF3NN4, 2 
U9LPTQL4T, U2Q6RKFQR, 2 
UDZNG4FL7, U4H8SC4GH, 2 
U96J96UJY, UDD5A13CJ, 2 
UABFDCBA4, U96EX75RN, 2 
U93GXHPA7, U94J27HB3, 2 
U9NFAUFU0, U9558TLMQ, 2 
U1NHMP16K, U95G5911R, 2 
UHJ705C87, U1NHMP16K, 1 
UB8LF3N67, U9743VA3W, 1 
U96J96UJY, U962U594H, 1 
U0AB2JQFK, U4HAFJGRX, 1 
UJWN06RD3, UJWN06RD3, 1 
U0Z2D5GGY, U4HSP82UT, 1 
U15CJU8U8, U4365G4AU, 1 
UB8LF3N67, UEAD87GH3, 1 
U15CJU8U8, UF6B430KG, 1 
U93GXHPA7, UD7947N7M, 1 
U1NHMP16K, UB8LF3N67, 1 
UDZNG4FL7, U2KQRJM6V, 1 
UEAD87GH3, UEAD87GH3, 1 
UEGB506PJ, UC1QPKJRF, 1 
UC1QPKJRF, U9LPTQL4T, 1 
UABFDCBA4, UAH3NDMEZ, 1 
U9LPTQL4T, UFP2SC03D, 1 
U94J27HB3, UB1ATRBQV, 1 
U9NFAUFU0, UAKDKHSA3, 1 
UAN783ZJ6, UF6B430KG, 1 
UBM7N6HGF, UBM7N6HGF, 1 
UCC28R0GL, UDZNG4FL7, 1 
U0AB2JQFK, UF6B430KG, 1 
UABFDCBA4, U962U594H, 1 
U94E0CKC4, UBBE338JE, 1 
U4H8SC4GH, UC7JZG36C, 1 
UB8L6ANL9, UABFDCBA4, 1 
U1JDCJE31, U94J27HB3, 1 
UABFDCBA4, UFR6Y59RT, 1 
UB29NHSKH, UDXUSCGE4, 1 
U4H8SC4GH, UABFDCBA4, 1 
UDD5A13CJ, U4DBNDVAL, 1 
U4365G4AU, UDCQT5MA8, 1 
UB1ATRBQV, UBA7A3ZK7, 1 
UCC28R0GL, UAH3NDMEZ, 1 
U94J27HB3, U96N34SLV, 1 
UC7JZG36C, U4DBNDVAL, 1 
U9558TLMQ, UABFDCBA4, 1 
U0AA4Q8LS, UC1QPKJRF, 1 
U0AB2JQFK, U0Z2D5GGY, 1 
UB8LF3N67, UB8LF3N67, 1 
UBEB4651V, UDZNG4FL7, 1 
U9LPTQL4T, UEJRBKFMH, 1 
U0Z2D5GGY, U2NAF0TEV, 1 
UD7947N7M, UEGB506PJ, 1 
U4365G4AU, U95HEFZV5, 1 
U93GXHPA7, U9558TLMQ, 1 
U96J96UJY, U4HAFJGRX, 1 
U4H8SC4GH, U4365G4AU, 1 
UABFDCBA4, UBM7N6HGF, 1 
UDZNG4FL7, UDZNG4FL7, 1 
UH8051QS3, UH8051QS3, 1 
U0AB2JQFK, UBM7N6HGF, 1 
UABFDCBA4, U4HAFJGRX, 1 
UDD5A13CJ, UDD5A13CJ, 1 
UBQ2YM5BR, U0Z2D5GGY, 1 
U4365G4AU, U4365G4AU, 1 
UF47EQSL9, UF47EQSL9, 1 
UBEB4651V, U94E0CKC4, 1 
U95512YE6, U4H8SC4GH, 1 
U0Z2D5GGY, U938Y4H1P, 1 
U976MCU0M, U976MCU0M, 1 
U2NAF0TEV, UB8LF3N67, 1 
UB0SVMJ8K, UB0SVMJ8K, 1 
U0AA4Q8LS, UDCQT5MA8, 1 
U2NAF0TEV, U9743VA3W, 1 
U0AA4Q8LS, UF6B430KG, 1 
U4DBNDVAL, U4H8SC4GH, 1 
UCC28R0GL, UB1ATRBQV, 1 
UB8LF3N67, U96EX75RN, 1 
U4H8SC4GH, U0AB2JQFK, 1 
U1NHMP16K, U96J96UJY, 1 
UEGB506PJ, U0AB2JQFK, 1 
U0AB2JQFK, UABFDCBA4, 1 
U0Z2D5GGY, U96J96UJY, 1 
U1JDCJE31, UAH3NDMEZ, 1 
U0AA4Q8LS, U966AN0JD, 1 
UCC28R0GL, U94E0CKC4, 1 
UC1QPKJRF, U96EX75RN, 1 
UC1QPKJRF, U94E0CKC4, 1 
U4365G4AU, UB8LF3N67, 1 
U94E0CKC4, U96EX75RN, 1 
U94E0CKC4, U4H8SC4GH, 1 
U9LPTQL4T, UGMT8LWQ2, 1 
U1JDCJE31, UEGB506PJ, 1 
U94J2RY7K, U94J2RY7K, 1 
U93GXHPA7, U93GXHPA7, 1 
UEGB506PJ, U938Y4H1P, 1 
UC7JZG36C, U0AB2JQFK, 1 
UB29NHSKH, U2NAF0TEV, 1 
U0Z2D5GGY, UB8L6ANL9, 1 
U1JDCJE31, U938Y4H1P, 1 
UB1ATRBQV, U94J27HB3, 1 
U9NFAUFU0, UF6B430KG, 1 
U2NAF0TEV, U962U594H, 1 
UG4QL2SQL, UG4QL2SQL, 1 
UCC28R0GL, UDCQT5MA8, 1 
U2NAF0TEV, U96J96UJY, 1 
U0AB2JQFK, U96EX75RN, 1 
UABFDCBA4, U2NAF0TEV, 1 
UEMHXN465, UD7947N7M, 1 
U0Z2D5GGY, UB29NHSKH, 1 
U96J96UJY, U93GXHPA7, 1 
UABFDCBA4, UABFDCBA4, 1 
UF47EQSL9, UBM7N6HGF, 1 
U94J27HB3, U95G5911R, 1 
U2KQRJM6V, U2KQRJM6V, 1 
U938Y4H1P, U94J27HB3, 1 
UBQ2YM5BR, UBQ2YM5BR, 1 
UAN783ZJ6, U95512YE6, 1 
UGTD7K988, UGTD7K988, 1 
U2NAF0TEV, UC1QPKJRF, 1 
U15CJU8U8, U15CJU8U8, 1 
U1NHMP16K, UCC28R0GL, 1 
UDZNG4FL7, UB8LF3N67, 1 
U9558TLMQ, U9558TLMQ, 1 
U4HSP82UT, U4HSP82UT, 1 
UB29NHSKH, U96J96UJY, 1 
U0Z2D5GGY, U2KQRJM6V, 1 
UG4QL2SQL, UABFDCBA4, 1 
U0AA4Q8LS, U2KQRJM6V, 1 
U0AA4Q8LS, UBA7A3ZK7, 1 
U93GXHPA7, UC1QPKJRF, 1 
UB1ATRBQV, U0AA4Q8LS, 1 
U94J27HB3, U2Q6RKFQR, 1 
U9743VA3W, U9743VA3W, 1 
U2GCCCBT7, U2GCCCBT7, 1 
UC7JZG36C, UBX8Y00F5, 1 
U2NAF0TEV, UC7JZG36C, 1 
U95512YE6, UDD5A13CJ, 1 
U15CJU8U8, U9LPTQL4T, 1 
U94E0CKC4, U4JMWGSCW, 1 
U93GXHPA7, U96N34SLV, 1 
U9LPTQL4T, U94J27HB3, 1 
UCC28R0GL, U96MUUQCW, 1 
U95512YE6, UD7947N7M, 1 
U4365G4AU, U96MUUQCW, 1 
UB29NHSKH, UB0SVMJ8K, 1 
UB0SVMJ8K, U0AB2JQFK, 1 
UB1ATRBQV, U0K8V3V9D, 1 
U0AB2JQFK, U93GXHPA7, 1 
UC7JZG36C, UBBE338JE, 1 
UBEB4651V, UH8051QS3, 1 
U966AN0JD, U966AN0JD, 1 
UEJRBKFMH, UEJRBKFMH, 1 
U1JDCJE31, U4DBNDVAL, 1 
U4H8SC4GH, U96EX75RN, 1 
U938Y4H1P, U96EX75RN, 1 
UB8LF3N67, UF6B430KG, 1 
U93GXHPA7, UDD5A13CJ, 1 
U1JDCJE31, U2NAF0TEV, 1 
U96J96UJY, UEGB506PJ, 1 
U938Y4H1P, U938Y4H1P, 1 
U938Y4H1P, U15CJU8U8, 1 
U96MUUQCW, U96MUUQCW, 1 
UBQ2YM5BR, U2KQRJM6V, 1 
UG4QL2SQL, UBM7N6HGF, 1 
U2NAF0TEV, UCC28R0GL, 1 
UAN783ZJ6, U938Y4H1P, 1 
U94E0CKC4, U15CJU8U8, 1 
U2NAF0TEV, UEGB506PJ, 1 
UDZNG4FL7, UEGB506PJ, 1 
U4HAFJGRX, UBM7N6HGF, 1 
U0AB2JQFK, U95G5911R, 1 
UA9QGGZU5, UA9QGGZU5, 1 
U9NFAUFU0, UB29NHSKH, 1 
UAN783ZJ6, U0Z2D5GGY, 1 
UAN783ZJ6, U94E0CKC4, 1 
UABFDCBA4, U95G5911R, 1 
U4JMWGSCW, U4JMWGSCW, 1 
U4HAFJGRX, UB1ATRBQV, 1 
U9LPTQL4T, U1NHMP16K, 1 
UAN783ZJ6, UBM7N6HGF, 1 
UABFDCBA4, U96J96UJY, 1 
UC7JZG36C, UBM7N6HGF, 1 
UB1ATRBQV, UB1ATRBQV, 1 
U938Y4H1P, U976MCU0M, 1 
U0AB2JQFK, U1NHMP16K, 1 
UDZNG4FL7, UAH3NDMEZ, 1 
UJCBNSM25, UJCBNSM25, 1 
UA9QGGZU5, U94J27HB3, 1 
UB0SVMJ8K, UABFDCBA4, 1 
UD7947N7M, UD7947N7M, 1 
UG4QL2SQL, UD7947N7M, 1 
U1NHMP16K, U962U594H, 1 
UC1QPKJRF, U95512YE6, 1 
U2NAF0TEV, U2NAF0TEV, 1 
UCC28R0GL, U9743VA3W, 1 
U4DBNDVAL, U95HEFZV5, 1 
U9743VA3W, UF47EQSL9, 1 
U938Y4H1P, UGMT8LWQ2, 1 
UBQ2YM5BR, UAN783ZJ6, 1 
U2Q6RKFQR, U2Q6RKFQR, 1 
U15CJU8U8, U938Y4H1P, 1 
UC1QPKJRF, UB29NHSKH, 1 
UEGB506PJ, U4DBNDVAL, 1 
U94J27HB3, U96EX75RN, 1 
U938Y4H1P, U96J96UJY, 1 
U4DBNDVAL, U4DBNDVAL, 1 
U93GXHPA7, UC7JZG36C, 1 
U94J27HB3, U0K8V3V9D, 1 
U94J27HB3, U9558TLMQ, 1 
UB1ATRBQV, UAN783ZJ6, 1 
U96J96UJY, UEAD87GH3, 1 
UB0SVMJ8K, UB29NHSKH, 1 
U15CJU8U8, U96EX75RN, 1 
UC7JZG36C, UCC28R0GL, 1 
U4HAFJGRX, U4HAFJGRX, 1 
UFR6Y59RT, UEGB506PJ, 1 
U938Y4H1P, UHAUF3NN4, 1 
U938Y4H1P, UG4QL2SQL, 1 
U1NHMP16K, UA9QGGZU5, 1 
U93GXHPA7, U96MUUQCW, 1 
UF6B430KG, UF6B430KG, 1 
UB8LF3N67, UAH3NDMEZ, 1 
U9LPTQL4T, U2KQRJM6V, 1 
UEGB506PJ, U9LPTQL4T, 1 
U95512YE6, UC1QPKJRF, 1 
UJA929AKF, UJA929AKF, 1 
UABFDCBA4, U1NHMP16K, 1 
U938Y4H1P, U0K8V3V9D, 1 
UEMHXN465, U4365G4AU, 1 
UC7JZG36C, U1NHMP16K, 1 
UAXP0V344, UAXP0V344, 1 
U1NHMP16K, UABFDCBA4, 1 
U2NAF0TEV, UB8L6ANL9, 1 
U9LPTQL4T, U9LPTQL4T, 1 
U95512YE6, UB8LF3N67, 1 
UB1ATRBQV, U9NBSUS21, 1 
U0K8V3V9D, U0K8V3V9D, 1 
U96J96UJY, U9LPTQL4T, 1 
U0Z2D5GGY, U0AB2JQFK, 1 
UABFDCBA4, U4H8SC4GH, 1 
UABFDCBA4, UF6B430KG, 1 
UFFUD4TSB, UGMLZNLD9, 1 
UEGB506PJ, U95G5911R, 1 
UEGB506PJ, U95512YE6, 1 
U4DBNDVAL, UB8L6ANL9, 1 
UG4QL2SQL, UEAD87GH3, 1 
U4HAFJGRX, U96N34SLV, 1 
U1NHMP16K, U938Y4H1P, 1 
UB8LF3N67, U15CJU8U8, 1 
U95512YE6, U1NHMP16K, 1 
U966AN0JD, U9G050MM1, 1 
U95HEFZV5, U95HEFZV5, 1 
UC1QPKJRF, U0AB2JQFK, 1 
UB1ATRBQV, U9NFAUFU0, 1 
UCC28R0GL, U4365G4AU, 1 
UDD5A13CJ, U95G5911R, 1 
U966AN0JD, UG4QL2SQL, 1 
U9LPTQL4T, U95HEFZV5, 1 
UB1ATRBQV, U966AN0JD, 1 
U966AN0JD, U9LPTQL4T, 1 
U9LPTQL4T, UDCQT5MA8, 1 
UC7JZG36C, U962U594H, 1 
U93GXHPA7, UBEB4651V, 1 
U0Z2D5GGY, UB0SVMJ8K, 1 
U938Y4H1P, U2GCCCBT7, 1 
U96EX75RN, U96EX75RN, 1 
UDD5A13CJ, U96J96UJY, 1 
UB29NHSKH, UG4QL2SQL, 1 
U1NHMP16K, UEGB506PJ, 1 
U15CJU8U8, UFFUD4TSB, 1 
U4H8SC4GH, UAH3NDMEZ, 1 
U94E0CKC4, UDXUSCGE4, 1 
UDCQT5MA8, UDCQT5MA8, 1 
UBEB4651V, UBEB4651V, 1 
U1JDCJE31, U966AN0JD, 1 
UEMHXN465, UA9QGGZU5, 1 
U9LPTQL4T, U0Z2D5GGY, 1 
UB29NHSKH, U9LPTQL4T, 1 
UABFDCBA4, UEJRBKFMH, 1 
U9HTX1LTU, U9HTX1LTU, 1 
UC1QPKJRF, U938Y4H1P, 1 
UC7JZG36C, UC7JZG36C, 1 
UBQ2YM5BR, UBM7N6HGF, 1 
UGMT8LWQ2, UGMT8LWQ2, 1 
U9558TLMQ, U4365G4AU, 1 
UCC28R0GL, U938Y4H1P, 1 
U94J27HB3, UABFDCBA4, 1 
U0AA4Q8LS, UGTD7K988, 1 
U1NHMP16K, U4H8SC4GH, 1 
U1NHMP16K, U96EX75RN, 1 
U1NHMP16K, U96MUUQCW, 1 
U15CJU8U8, UEAD87GH3, 1 
U15CJU8U8, U96N34SLV, 1 
U938Y4H1P, U4H8SC4GH, 1 
UHJ705C87, UCC28R0GL, 1 
U938Y4H1P, UF9TRDAGP, 1 
UF9TRDAGP, UB29NHSKH, 1 
U0AB2JQFK, U0AB2JQFK, 1 
UDZNG4FL7, U94E0CKC4, 1 
U9NFAUFU0, UAH3NDMEZ, 1 
UEGB506PJ, U94J27HB3, 1 
UDZNG4FL7, U1NHMP16K, 1 
U9LPTQL4T, U0AB2JQFK, 1 
UB1ATRBQV, U4HAFJGRX, 1 
U1NHMP16K, UBM7N6HGF, 1 
U95512YE6, U2Q6RKFQR, 1 
U95512YE6, U2KQRJM6V, 1 
U2NAF0TEV, UDZNG4FL7, 1 
UBEB4651V, U1JDCJE31, 1 
U1NHMP16K, U4365G4AU, 1 
U938Y4H1P, UBQ2YM5BR, 1 
U9LPTQL4T, UGMLZNLD9, 1 
UB1ATRBQV, U95G5911R, 1 
UB29NHSKH, U93GXHPA7, 1 
UAN783ZJ6, U2NAF0TEV, 1 
U93GXHPA7, U4JMWGSCW, 1 
UEGB506PJ, UEGB506PJ, 1 
U1JDCJE31, U1JDCJE31, 1 
U9LPTQL4T, UF6B430KG, 1 
UEGB506PJ, UEJRBKFMH, 1 
UCC28R0GL, U95G5911R, 1 
UAH3NDMEZ, UAH3NDMEZ, 1 
U15CJU8U8, UAH3NDMEZ, 1 
U93GXHPA7, UEAD87GH3, 1 
U4H8SC4GH, U9558TLMQ, 1 
UCC28R0GL, UEGB506PJ, 1 
UC7JZG36C, U9558TLMQ, 1 
U2NAF0TEV, U0AA4Q8LS, 1 
U95G5911R, U95G5911R, 1 
UABFDCBA4, UC7JZG36C, 1 
UHJ705C87, U9LPTQL4T, 1 
UABFDCBA4, U9558TLMQ, 1 
U1NHMP16K, U9LPTQL4T, 1 
UHAUF3NN4, UHAUF3NN4, 1 
U15CJU8U8, U4JMWGSCW, 1 
UABFDCBA4, UEMHXN465, 1 
UDZNG4FL7, UBM7N6HGF, 1 
U9LPTQL4T, U938Y4H1P, 1 
UEMHXN465, UABFDCBA4, 1 
UCC28R0GL, UBM7N6HGF, 1 
U938Y4H1P, UDCQT5MA8, 1 
U4H8SC4GH, UCC28R0GL, 1 
U4HAFJGRX, UBEB4651V, 1 
U94E0CKC4, U94E0CKC4, 1 
UGLGS3TQS, UGLGS3TQS, 1 
UCC28R0GL, UGLGS3TQS, 1 
UFP2SC03D, UFP2SC03D, 1 
UB1ATRBQV, U96N34SLV, 1 
UCC28R0GL, UGTD7K988, 1 
U15CJU8U8, U9558TLMQ, 1 
U9558TLMQ, U4DBNDVAL, 1 
U4365G4AU, UD7947N7M, 1 
UDZNG4FL7, U9558TLMQ, 1 
UAN783ZJ6, U4DBNDVAL, 1 
UCC28R0GL, UG4QL2SQL, 1 
U0AA4Q8LS, U15CJU8U8, 1 
U94J27HB3, U94E0CKC4, 1 
U15CJU8U8, U96SHJAL9, 1 
UC7JZG36C, U95G5911R, 1 
UB1ATRBQV, U4H8SC4GH, 1 
UCC28R0GL, UCC28R0GL, 1 
UC7JZG36C, UEAD87GH3, 1 
U0Z2D5GGY, U0Z2D5GGY, 1 
UB29NHSKH, UD7947N7M, 1 
U2NAF0TEV, UBM7N6HGF, 1 
U9NFAUFU0, U9NFAUFU0, 1 
UEMHXN465, UEAD87GH3, 1 
U95512YE6, U96MUUQCW, 1 
U9LPTQL4T, UDD5A13CJ, 1 
UF6B430KG, UEJRBKFMH, 1 
UABFDCBA4, UD7947N7M, 1 
U9LPTQL4T, UDXUSCGE4, 1 
U15CJU8U8, U2NAF0TEV, 1 
U4H8SC4GH, U4H8SC4GH, 1 
UDXUSCGE4, UDXUSCGE4, 1 
U96N34SLV, U96N34SLV, 1 
UHJ705C87, UC7JZG36C, 1 
UB0SVMJ8K, U95512YE6, 1 
UF47EQSL9, UDXUSCGE4, 1 
U9NBSUS21, U9NBSUS21, 1 
UC1QPKJRF, UC1QPKJRF, 1 
U15CJU8U8, U95HEFZV5, 1 
U9558TLMQ, U2NAF0TEV, 1 
U2NAF0TEV, UBEB4651V, 1 
U9LPTQL4T, UC7JZG36C, 1 
U938Y4H1P, UD7947N7M, 1 
UABFDCBA4, UEAD87GH3, 1 
U938Y4H1P, UAXP0V344, 1 
UB1ATRBQV, U2KQRJM6V, 1 
U9NFAUFU0, U2Q6RKFQR, 1 
UB29NHSKH, U94E0CKC4, 1 
UBEB4651V, U966AN0JD, 1 
UABFDCBA4, U2Q6RKFQR, 1 
UB8L6ANL9, U95512YE6, 1 
U0AA4Q8LS, U96MUUQCW, 1 
UCC28R0GL, U15CJU8U8, 1 
UC1QPKJRF, UCC28R0GL, 1 
UC1QPKJRF, U1NHMP16K, 1 
U94J27HB3, U962U594H, 1 
U95512YE6, U0Z2D5GGY, 1 
UAN783ZJ6, UAH3NDMEZ, 1 
UB29NHSKH, UEAD87GH3, 1 
U94J27HB3, U4HAFJGRX, 1 
U4H8SC4GH, U2Q6RKFQR, 1 
U95512YE6, UC7JZG36C, 1 
UGMLZNLD9, UGMLZNLD9, 1 
U94J27HB3, UC1QPKJRF, 1 
UABFDCBA4, U0AB2JQFK, 1 
UHJ705C87, UGLGS3TQS, 1 
U0Z2D5GGY, U15CJU8U8, 1 
U938Y4H1P, U2KQRJM6V, 1 
U938Y4H1P, U962U594H, 1 
U15CJU8U8, UEGB506PJ, 1 
U1NHMP16K, U1NHMP16K, 1 
U94J27HB3, U0Z2D5GGY, 1 
U0Z2D5GGY, U9NFAUFU0, 1 
U966AN0JD, U0K8V3V9D, 1 
U9743VA3W, UEGB506PJ, 1 
UFR6Y59RT, UFR6Y59RT, 1 
UB29NHSKH, UC1QPKJRF, 1 
UC7JZG36C, U2NAF0TEV, 1 
U9743VA3W, UDXUSCGE4, 1 
UEMHXN465, U0AB2JQFK, 1 
U94J27HB3, U96J96UJY, 1 
UDZNG4FL7, U95512YE6, 1 
U0Z2D5GGY, U95G5911R, 1 
UFR6Y59RT, U9LPTQL4T, 1 
UB1ATRBQV, UB8LF3N67, 1 
U1JDCJE31, U9558TLMQ, 1 
U4H8SC4GH, U96MUUQCW, 1 
UABFDCBA4, U4365G4AU, 1 
U95512YE6, UBEB4651V, 1 
UB1ATRBQV, UB8L6ANL9, 1 
UHJ705C87, UHJ705C87, 1 
U2NAF0TEV, U9HTX1LTU, 1 
U1NHMP16K, U4HAFJGRX, 1 
UABFDCBA4, UEGB506PJ, 1 
U9LPTQL4T, UHAUF3NN4, 1 
U0Z2D5GGY, UAN783ZJ6, 1 
UEMHXN465, UEMHXN465, 1 
U4H8SC4GH, U2KQRJM6V, 1 
U9LPTQL4T, U9743VA3W, 1 
U0Z2D5GGY, U9LPTQL4T, 1 
UG4QL2SQL, UEMHXN465, 1 
UHJ705C87, U938Y4H1P, 1 
U9LPTQL4T, UB8L6ANL9, 1 
U4H8SC4GH, U95G5911R, 1 
UCC28R0GL, U9558TLMQ, 1 
UBEB4651V, U9NFAUFU0, 1 
UEGB506PJ, UFR6Y59RT, 1 
UEGB506PJ, U0AA4Q8LS, 1 
UJ0R1NASW, UJ0R1NASW, 1 
U4365G4AU, U96J96UJY, 1 
U94E0CKC4, U96MUUQCW, 1 
U9LPTQL4T, UF47EQSL9, 1 
UBQ2YM5BR, U95HEFZV5, 1 
UF9TRDAGP, UF9TRDAGP, 1 
U95G5911R, UEGB506PJ, 1 
UBQ2YM5BR, U966AN0JD, 1 
UFFUD4TSB, UFFUD4TSB, 1 
UDD5A13CJ, UDCQT5MA8, 1 
U96J96UJY, U96J96UJY, 1 
U0Z2D5GGY, U966AN0JD, 1 
UB8L6ANL9, UB8L6ANL9, 1 
U4365G4AU, U95G5911R, 1 
UABFDCBA4, U95512YE6, 1 
UF6B430KG, UHAUF3NN4, 1 
U0AA4Q8LS, UDXUSCGE4, 1 
UB29NHSKH, UDZNG4FL7, 1 
UB1ATRBQV, U0Z2D5GGY, 1 
U93GXHPA7, UB8L6ANL9, 1 
UDZNG4FL7, UABFDCBA4, 1 
U9LPTQL4T, UD7947N7M, 1 
U962U594H, U9558TLMQ, 1 
UBQ2YM5BR, U938Y4H1P, 1 
UABFDCBA4, UDCQT5MA8, 1 
U938Y4H1P, U4365G4AU, 1 
U2NAF0TEV, UDD5A13CJ, 1 
UAN783ZJ6, UAN783ZJ6, 1 
U9LPTQL4T, UB0SVMJ8K, 1 
UB8L6ANL9, U9LPTQL4T, 1 
U96J96UJY, UDCQT5MA8, 1 
U93GXHPA7, U0AA4Q8LS, 1 
U0AA4Q8LS, UB8LF3N67, 1 
UB8LF3N67, U96J96UJY, 1 
U95512YE6, U95512YE6, 1 
UC7JZG36C, UF6B430KG, 1 
U0Z2D5GGY, U4DBNDVAL, 1 
UABFDCBA4, UGMT8LWQ2, 1 
UHJ705C87, UB8L6ANL9, 1 
U96J96UJY, U96SHJAL9, 1 
UB8L6ANL9, U94J27HB3, 1 
U9LPTQL4T, U96MUUQCW, 1 
U94J27HB3, U0AB2JQFK, 1 
UB29NHSKH, UB29NHSKH, 1 
UB1ATRBQV, U9743VA3W, 1 
UC1QPKJRF, UC7JZG36C, 1 
UBBE338JE, UBBE338JE, 1 
U4DBNDVAL, U9743VA3W, 1 
UC7JZG36C, U4HAFJGRX, 1 
U0AA4Q8LS, UDD5A13CJ, 1 
U938Y4H1P, UF6B430KG, 1 
U93GXHPA7, U4DBNDVAL, 1 
U94J27HB3, UGLGS3TQS, 1 
U0Z2D5GGY, UA9QGGZU5, 1 
U93GXHPA7, U1NHMP16K, 1 
UCC28R0GL, U2NAF0TEV, 1 
UDD5A13CJ, U4365G4AU, 1 
U15CJU8U8, UABFDCBA4, 1 
UCC28R0GL, U4HAFJGRX, 1 
UAN783ZJ6, UHAUF3NN4, 1 
U95512YE6, U95HEFZV5, 1 
U1JDCJE31, UB1ATRBQV, 1 
UABFDCBA4, U15CJU8U8, 1 
UB29NHSKH, UDCQT5MA8, 1 
U966AN0JD, UHAUF3NN4, 1 
UHAUF3NN4, UAN783ZJ6, 1 
U94J27HB3, U94J27HB3, 1 
UB1ATRBQV, U4DBNDVAL, 1 
UC7JZG36C, U94E0CKC4, 1 
UB29NHSKH, U0AB2JQFK, 1 
U0AB2JQFK, U938Y4H1P, 1 
UCC28R0GL, U0AA4Q8LS, 1 
