U0AA4Q8LS, U1JDCJE31, 73 
U0AA4Q8LS, U94J27HB3, 72 
U93GXHPA7, U94J27HB3, 72 
U0AA4Q8LS, UB29NHSKH, 65 
U2NAF0TEV, U94J27HB3, 52 
U938Y4H1P, U94J27HB3, 49 
U95512YE6, U94J27HB3, 47 
U93GXHPA7, U95512YE6, 47 
U0AA4Q8LS, U938Y4H1P, 46 
U93GXHPA7, UB29NHSKH, 39 
U0AA4Q8LS, U2NAF0TEV, 39 
U938Y4H1P, UB29NHSKH, 37 
U0AA4Q8LS, UCC28R0GL, 36 
U2NAF0TEV, UB29NHSKH, 36 
U94J27HB3, U95512YE6, 35 
UB1ATRBQV, U1JDCJE31, 33 
U95512YE6, U15CJU8U8, 32 
UB1ATRBQV, UB29NHSKH, 32 
U93GXHPA7, U15CJU8U8, 31 
U15CJU8U8, U94J27HB3, 30 
U2NAF0TEV, U1JDCJE31, 29 
U93GXHPA7, U1NHMP16K, 29 
UB1ATRBQV, U94J27HB3, 29 
UB1ATRBQV, U2NAF0TEV, 29 
U15CJU8U8, U95512YE6, 29 
U2NAF0TEV, U938Y4H1P, 28 
U9NFAUFU0, UB29NHSKH, 27 
U95512YE6, UB29NHSKH, 27 
UB1ATRBQV, UCC28R0GL, 26 
U938Y4H1P, U1JDCJE31, 26 
U0AA4Q8LS, UEGB506PJ, 26 
U0AA4Q8LS, UC1QPKJRF, 26 
U9NFAUFU0, U938Y4H1P, 25 
U2NAF0TEV, U95512YE6, 25 
U93GXHPA7, U1JDCJE31, 24 
U938Y4H1P, U966AN0JD, 24 
U2NAF0TEV, U15CJU8U8, 23 
U938Y4H1P, U2NAF0TEV, 22 
UB1ATRBQV, UC1QPKJRF, 22 
U2NAF0TEV, UC1QPKJRF, 21 
U0AA4Q8LS, U15CJU8U8, 21 
U93GXHPA7, UC1QPKJRF, 21 
U93GXHPA7, U2NAF0TEV, 21 
U94J27HB3, U15CJU8U8, 20 
U0AA4Q8LS, UC7JZG36C, 20 
U95512YE6, UC1QPKJRF, 20 
U1NHMP16K, U95512YE6, 20 
U2NAF0TEV, U1NHMP16K, 20 
U0AA4Q8LS, UBEB4651V, 20 
UB1ATRBQV, UEGB506PJ, 19 
U94J27HB3, UB29NHSKH, 19 
UB1ATRBQV, U938Y4H1P, 19 
U1NHMP16K, UB29NHSKH, 19 
U9LPTQL4T, U2NAF0TEV, 19 
U0AA4Q8LS, UB1ATRBQV, 18 
U95512YE6, U2NAF0TEV, 18 
U93GXHPA7, UCC28R0GL, 18 
U93GXHPA7, U938Y4H1P, 18 
U1NHMP16K, U94J27HB3, 18 
U94J27HB3, U2NAF0TEV, 18 
U93GXHPA7, U0AA4Q8LS, 17 
U938Y4H1P, UC1QPKJRF, 17 
U938Y4H1P, U15CJU8U8, 17 
U95512YE6, U94E0CKC4, 17 
U1NHMP16K, U2NAF0TEV, 17 
U966AN0JD, U94J27HB3, 17 
U0AA4Q8LS, U95512YE6, 17 
U2NAF0TEV, U4HAFJGRX, 16 
U2NAF0TEV, U9LPTQL4T, 16 
U93GXHPA7, U9LPTQL4T, 16 
U1NHMP16K, U1JDCJE31, 16 
U0AA4Q8LS, UDZNG4FL7, 16 
U93GXHPA7, UABFDCBA4, 16 
U938Y4H1P, U95512YE6, 16 
U9NFAUFU0, U2NAF0TEV, 15 
U938Y4H1P, U0AA4Q8LS, 15 
U2NAF0TEV, U93GXHPA7, 15 
U9NFAUFU0, U1JDCJE31, 15 
U9NFAUFU0, U94J27HB3, 15 
U0AA4Q8LS, UGMT8LWQ2, 15 
U0AA4Q8LS, U1NHMP16K, 15 
U2NAF0TEV, UCC28R0GL, 14 
U96J96UJY, U95512YE6, 14 
U966AN0JD, U938Y4H1P, 14 
U1NHMP16K, U938Y4H1P, 14 
UB1ATRBQV, UDZNG4FL7, 14 
U1JDCJE31, UB29NHSKH, 14 
U938Y4H1P, UAN783ZJ6, 14 
UDZNG4FL7, U2NAF0TEV, 14 
U94J27HB3, U1JDCJE31, 14 
U938Y4H1P, UCC28R0GL, 14 
U966AN0JD, UAN783ZJ6, 13 
U1NHMP16K, U94E0CKC4, 13 
U15CJU8U8, UB29NHSKH, 13 
U0AA4Q8LS, U9LPTQL4T, 13 
U95512YE6, U1JDCJE31, 13 
U93GXHPA7, U96J96UJY, 13 
UB1ATRBQV, U95512YE6, 13 
UCC28R0GL, UB29NHSKH, 13 
U93GXHPA7, UEGB506PJ, 13 
UDZNG4FL7, UB1ATRBQV, 12 
U93GXHPA7, U95HEFZV5, 12 
U0Z2D5GGY, U94J27HB3, 12 
U9NFAUFU0, U966AN0JD, 12 
U9NFAUFU0, UC1QPKJRF, 12 
U2NAF0TEV, U0AA4Q8LS, 12 
UCC28R0GL, U94J27HB3, 12 
UC1QPKJRF, U94J27HB3, 12 
UBEB4651V, U1JDCJE31, 12 
U1JDCJE31, U94J27HB3, 12 
U966AN0JD, UB29NHSKH, 12 
U9LPTQL4T, UB29NHSKH, 11 
U938Y4H1P, U9LPTQL4T, 11 
U966AN0JD, U1JDCJE31, 11 
U966AN0JD, U2NAF0TEV, 11 
U15CJU8U8, U94E0CKC4, 11 
U94J27HB3, UC1QPKJRF, 11 
U2NAF0TEV, UB1ATRBQV, 11 
U938Y4H1P, UABFDCBA4, 11 
U9LPTQL4T, U1JDCJE31, 11 
U9LPTQL4T, U938Y4H1P, 11 
UB1ATRBQV, UC7JZG36C, 11 
U95512YE6, U1NHMP16K, 11 
U94J27HB3, U938Y4H1P, 11 
U1JDCJE31, U2NAF0TEV, 11 
UB1ATRBQV, U15CJU8U8, 11 
U93GXHPA7, U4HAFJGRX, 10 
UCC28R0GL, UC7JZG36C, 10 
U938Y4H1P, U1NHMP16K, 10 
UB1ATRBQV, U9LPTQL4T, 10 
U96J96UJY, U94J27HB3, 10 
UB1ATRBQV, UGLGS3TQS, 10 
U9LPTQL4T, UCC28R0GL, 10 
U95512YE6, U938Y4H1P, 10 
UDZNG4FL7, UCC28R0GL, 10 
UBEB4651V, U2NAF0TEV, 10 
U9LPTQL4T, U94J27HB3, 10 
U9LPTQL4T, UC1QPKJRF, 10 
U95512YE6, U96EX75RN, 10 
U95512YE6, U96J96UJY, 10 
U96J96UJY, UB29NHSKH, 10 
U1NHMP16K, U15CJU8U8, 10 
U9NFAUFU0, UCC28R0GL, 10 
UABFDCBA4, U94J27HB3, 10 
U938Y4H1P, UC7JZG36C, 9 
U93GXHPA7, U4DBNDVAL, 9 
U94J27HB3, U0AA4Q8LS, 9 
U93GXHPA7, UC7JZG36C, 9 
UABFDCBA4, U95512YE6, 9 
U938Y4H1P, UEGB506PJ, 9 
U966AN0JD, UABFDCBA4, 9 
U966AN0JD, U15CJU8U8, 9 
U1NHMP16K, UC7JZG36C, 9 
U1NHMP16K, UC1QPKJRF, 9 
U9558TLMQ, U94J27HB3, 9 
UB8L6ANL9, U94J27HB3, 9 
U966AN0JD, UC1QPKJRF, 9 
UDZNG4FL7, UB29NHSKH, 9 
U93GXHPA7, U93GXHPA7, 9 
U94J27HB3, UCC28R0GL, 9 
U9NFAUFU0, U15CJU8U8, 9 
UB1ATRBQV, U96EX75RN, 9 
U0AA4Q8LS, U4HAFJGRX, 9 
UEGB506PJ, U94J27HB3, 9 
U2NAF0TEV, UABFDCBA4, 9 
U94E0CKC4, U95512YE6, 9 
U95512YE6, U9LPTQL4T, 8 
U93GXHPA7, U95G5911R, 8 
U0Z2D5GGY, UB29NHSKH, 8 
U15CJU8U8, U2NAF0TEV, 8 
U94J27HB3, U1NHMP16K, 8 
U15CJU8U8, U938Y4H1P, 8 
UABFDCBA4, UB29NHSKH, 8 
UABFDCBA4, U2NAF0TEV, 8 
U2NAF0TEV, UB0SVMJ8K, 8 
U96J96UJY, U15CJU8U8, 8 
U938Y4H1P, UDZNG4FL7, 8 
U9558TLMQ, UB29NHSKH, 8 
U9NFAUFU0, UAN783ZJ6, 8 
U938Y4H1P, U9NFAUFU0, 8 
U94E0CKC4, U15CJU8U8, 8 
U1NHMP16K, U4HAFJGRX, 8 
UB1ATRBQV, U0AA4Q8LS, 8 
U95512YE6, U93GXHPA7, 8 
U1JDCJE31, U938Y4H1P, 8 
U93GXHPA7, UBEB4651V, 8 
U93GXHPA7, U94E0CKC4, 8 
UCC28R0GL, UC1QPKJRF, 8 
U15CJU8U8, U1NHMP16K, 8 
U1NHMP16K, UCC28R0GL, 8 
U0AA4Q8LS, U9558TLMQ, 8 
U2NAF0TEV, U4DBNDVAL, 8 
U9LPTQL4T, UEGB506PJ, 8 
UCC28R0GL, U2NAF0TEV, 8 
UB1ATRBQV, U1NHMP16K, 8 
U95512YE6, U95G5911R, 8 
UG4QL2SQL, UAN783ZJ6, 8 
U0Z2D5GGY, U2NAF0TEV, 8 
U966AN0JD, U9NFAUFU0, 8 
UB1ATRBQV, UGMT8LWQ2, 8 
U966AN0JD, U95512YE6, 8 
U938Y4H1P, U94E0CKC4, 7 
U2NAF0TEV, U9558TLMQ, 7 
U0Z2D5GGY, U95512YE6, 7 
U95512YE6, UABFDCBA4, 7 
U9NFAUFU0, U0AA4Q8LS, 7 
UB1ATRBQV, UFR6Y59RT, 7 
U2NAF0TEV, U96EX75RN, 7 
U1JDCJE31, U0AA4Q8LS, 7 
UEGB506PJ, U1JDCJE31, 7 
UBEB4651V, U94J27HB3, 7 
U15CJU8U8, U93GXHPA7, 7 
UCC28R0GL, U15CJU8U8, 7 
UB29NHSKH, U938Y4H1P, 7 
UB1ATRBQV, UHJ705C87, 7 
U94J27HB3, U96J96UJY, 7 
UCC28R0GL, U95512YE6, 7 
U9LPTQL4T, UC7JZG36C, 7 
U1JDCJE31, U15CJU8U8, 7 
UHJ705C87, U94J27HB3, 7 
UB8L6ANL9, U938Y4H1P, 7 
U95512YE6, U95HEFZV5, 7 
UB8L6ANL9, UC1QPKJRF, 7 
U9NFAUFU0, U95512YE6, 7 
UEGB506PJ, UB29NHSKH, 7 
U966AN0JD, UCC28R0GL, 7 
U95512YE6, U4HAFJGRX, 7 
UB1ATRBQV, UABFDCBA4, 7 
U938Y4H1P, U4HAFJGRX, 7 
UB29NHSKH, U1NHMP16K, 7 
UDZNG4FL7, UC7JZG36C, 7 
UB29NHSKH, U1JDCJE31, 7 
U96J96UJY, U2NAF0TEV, 6 
U966AN0JD, U1NHMP16K, 6 
U96J96UJY, U96EX75RN, 6 
U9LPTQL4T, U95512YE6, 6 
U1NHMP16K, U9558TLMQ, 6 
U94J27HB3, U95HEFZV5, 6 
U15CJU8U8, UABFDCBA4, 6 
U0AA4Q8LS, U966AN0JD, 6 
U9LPTQL4T, U93GXHPA7, 6 
U93GXHPA7, UBBE338JE, 6 
UHJ705C87, UCC28R0GL, 6 
UCC28R0GL, U1NHMP16K, 6 
U966AN0JD, UHAUF3NN4, 6 
U2NAF0TEV, U94E0CKC4, 6 
U0AA4Q8LS, UABFDCBA4, 6 
U0AA4Q8LS, UAN783ZJ6, 6 
U15CJU8U8, UC1QPKJRF, 6 
UHJ705C87, UB29NHSKH, 6 
U94J27HB3, U93GXHPA7, 6 
UHJ705C87, U2NAF0TEV, 6 
U95512YE6, UD7947N7M, 6 
U15CJU8U8, U1JDCJE31, 6 
U938Y4H1P, U4DBNDVAL, 6 
U93GXHPA7, UD7947N7M, 6 
UCC28R0GL, U1JDCJE31, 6 
U2NAF0TEV, UC7JZG36C, 6 
U2NAF0TEV, U2NAF0TEV, 6 
UCC28R0GL, U938Y4H1P, 6 
U1JDCJE31, U95512YE6, 6 
U2NAF0TEV, UAN783ZJ6, 6 
U1JDCJE31, U9LPTQL4T, 6 
U94E0CKC4, U94J27HB3, 6 
U938Y4H1P, UB1ATRBQV, 6 
U94J27HB3, U94E0CKC4, 6 
U4DBNDVAL, U95512YE6, 6 
UC1QPKJRF, UCC28R0GL, 6 
U0AA4Q8LS, U0AB2JQFK, 6 
U938Y4H1P, UBEB4651V, 6 
UC1QPKJRF, UB29NHSKH, 6 
U2NAF0TEV, U95HEFZV5, 6 
U938Y4H1P, UGLGS3TQS, 6 
UBEB4651V, UCC28R0GL, 5 
U2NAF0TEV, U0AB2JQFK, 5 
UB29NHSKH, UCC28R0GL, 5 
U2NAF0TEV, U96J96UJY, 5 
U2NAF0TEV, UGMT8LWQ2, 5 
UABFDCBA4, UC1QPKJRF, 5 
U9NFAUFU0, U9LPTQL4T, 5 
U95512YE6, UCC28R0GL, 5 
U93GXHPA7, UB0SVMJ8K, 5 
U15CJU8U8, UCC28R0GL, 5 
U4DBNDVAL, U94J27HB3, 5 
U95512YE6, U0AA4Q8LS, 5 
U95512YE6, U4DBNDVAL, 5 
U0AA4Q8LS, UHJ705C87, 5 
UHJ705C87, UDZNG4FL7, 5 
U9NFAUFU0, U4HAFJGRX, 5 
UB8LF3N67, UB29NHSKH, 5 
U0AB2JQFK, U94J27HB3, 5 
U9LPTQL4T, UHAUF3NN4, 5 
U2NAF0TEV, U96N34SLV, 5 
U15CJU8U8, U2Q6RKFQR, 5 
U966AN0JD, U9LPTQL4T, 5 
U0AA4Q8LS, UFR6Y59RT, 5 
U9558TLMQ, U2NAF0TEV, 5 
UCC28R0GL, UEGB506PJ, 5 
U93GXHPA7, UAN783ZJ6, 5 
UEGB506PJ, UDZNG4FL7, 5 
U9NFAUFU0, U2Q6RKFQR, 5 
U1NHMP16K, U93GXHPA7, 5 
UB8L6ANL9, U95512YE6, 5 
U96J96UJY, UC1QPKJRF, 5 
U96J96UJY, U93GXHPA7, 5 
UBEB4651V, U9LPTQL4T, 5 
U9LPTQL4T, U15CJU8U8, 5 
U96J96UJY, UABFDCBA4, 5 
UB29NHSKH, U2NAF0TEV, 5 
U9NFAUFU0, UABFDCBA4, 5 
UHJ705C87, UB1ATRBQV, 5 
UB8LF3N67, U95512YE6, 5 
UCC28R0GL, U9LPTQL4T, 5 
UB8L6ANL9, U93GXHPA7, 5 
UB8L6ANL9, UB29NHSKH, 5 
U4DBNDVAL, U2NAF0TEV, 5 
U9558TLMQ, U1NHMP16K, 5 
U0AB2JQFK, U938Y4H1P, 5 
U1JDCJE31, U4DBNDVAL, 5 
U93GXHPA7, UG4QL2SQL, 5 
U1NHMP16K, U95HEFZV5, 5 
UBEB4651V, U95512YE6, 5 
UBEB4651V, UB29NHSKH, 5 
UB8L6ANL9, U15CJU8U8, 5 
UB0SVMJ8K, UB29NHSKH, 5 
U2NAF0TEV, U0K8V3V9D, 5 
U9NFAUFU0, U1NHMP16K, 5 
UB1ATRBQV, UAN783ZJ6, 5 
U1NHMP16K, U96J96UJY, 4 
U95512YE6, U96N34SLV, 4 
U15CJU8U8, UEGB506PJ, 4 
U0Z2D5GGY, U2Q6RKFQR, 4 
U94E0CKC4, U96EX75RN, 4 
UDZNG4FL7, U95512YE6, 4 
U0AA4Q8LS, U93GXHPA7, 4 
UB8LF3N67, U2NAF0TEV, 4 
UB8L6ANL9, U1NHMP16K, 4 
U0Z2D5GGY, U4DBNDVAL, 4 
U9LPTQL4T, U95G5911R, 4 
U1JDCJE31, UBEB4651V, 4 
UDZNG4FL7, U94J27HB3, 4 
UB0SVMJ8K, U2NAF0TEV, 4 
U2NAF0TEV, UB8L6ANL9, 4 
U0AB2JQFK, U95512YE6, 4 
U94E0CKC4, UAN783ZJ6, 4 
UBEB4651V, UC1QPKJRF, 4 
UHJ705C87, UC7JZG36C, 4 
U96J96UJY, U938Y4H1P, 4 
U94J27HB3, U4HAFJGRX, 4 
U0AB2JQFK, U2NAF0TEV, 4 
U1NHMP16K, U0K8V3V9D, 4 
U938Y4H1P, U9558TLMQ, 4 
U9LPTQL4T, U96J96UJY, 4 
U938Y4H1P, UGMT8LWQ2, 4 
U94J27HB3, U96N34SLV, 4 
U94E0CKC4, U938Y4H1P, 4 
UC1QPKJRF, UC7JZG36C, 4 
UGLGS3TQS, U94J27HB3, 4 
U93GXHPA7, U2Q6RKFQR, 4 
U93GXHPA7, U9558TLMQ, 4 
UG4QL2SQL, U938Y4H1P, 4 
U0Z2D5GGY, U938Y4H1P, 4 
U938Y4H1P, U9NBSUS21, 4 
U9LPTQL4T, UABFDCBA4, 4 
U966AN0JD, UBEB4651V, 4 
U94J27HB3, UBEB4651V, 4 
U0AA4Q8LS, UB0SVMJ8K, 4 
U9LPTQL4T, UBEB4651V, 4 
U1NHMP16K, UB0SVMJ8K, 4 
U94E0CKC4, U1NHMP16K, 4 
UABFDCBA4, U1JDCJE31, 4 
UB29NHSKH, U94J27HB3, 4 
U938Y4H1P, U96J96UJY, 4 
U2NAF0TEV, U9NFAUFU0, 4 
UBEB4651V, UEGB506PJ, 4 
U938Y4H1P, UG4QL2SQL, 4 
UA9QGGZU5, UC1QPKJRF, 4 
UC1QPKJRF, U15CJU8U8, 4 
UGLGS3TQS, U2NAF0TEV, 4 
U94J27HB3, UABFDCBA4, 4 
U938Y4H1P, U0Z2D5GGY, 4 
U94J27HB3, UC7JZG36C, 4 
U94E0CKC4, UB29NHSKH, 4 
U94J27HB3, U2Q6RKFQR, 4 
U2NAF0TEV, UDZNG4FL7, 4 
U15CJU8U8, U96EX75RN, 4 
U96J96UJY, UD7947N7M, 4 
UBQ2YM5BR, UB29NHSKH, 4 
U94E0CKC4, U2NAF0TEV, 4 
U96J96UJY, U95G5911R, 4 
U93GXHPA7, U96EX75RN, 4 
U966AN0JD, U0AA4Q8LS, 4 
U9LPTQL4T, U4HAFJGRX, 4 
U938Y4H1P, UB8L6ANL9, 4 
UG4QL2SQL, UC1QPKJRF, 4 
U2NAF0TEV, UEGB506PJ, 4 
U94J27HB3, U9LPTQL4T, 4 
U938Y4H1P, U0K8V3V9D, 4 
UC7JZG36C, UB29NHSKH, 4 
U0Z2D5GGY, U15CJU8U8, 4 
U0AA4Q8LS, UD7947N7M, 4 
U2NAF0TEV, U2Q6RKFQR, 4 
U94J27HB3, UA9QGGZU5, 4 
U966AN0JD, U2Q6RKFQR, 4 
U9NFAUFU0, UHAUF3NN4, 4 
U2NAF0TEV, UG4QL2SQL, 4 
U94J27HB3, UGMT8LWQ2, 4 
U96J96UJY, UDD5A13CJ, 4 
U1NHMP16K, UABFDCBA4, 4 
U4DBNDVAL, U95G5911R, 4 
U1NHMP16K, U95G5911R, 4 
UDZNG4FL7, U96EX75RN, 4 
U0AA4Q8LS, UGLGS3TQS, 4 
UDZNG4FL7, U1JDCJE31, 4 
UEGB506PJ, U2NAF0TEV, 4 
UB0SVMJ8K, U94J27HB3, 4 
U94E0CKC4, UABFDCBA4, 4 
UABFDCBA4, U0AA4Q8LS, 3 
UB1ATRBQV, U9NBSUS21, 3 
UHJ705C87, UEGB506PJ, 3 
U1JDCJE31, U96J96UJY, 3 
UG4QL2SQL, UHAUF3NN4, 3 
U0Z2D5GGY, UC1QPKJRF, 3 
UBQ2YM5BR, U94J27HB3, 3 
UB1ATRBQV, U9NFAUFU0, 3 
UB1ATRBQV, U4HAFJGRX, 3 
UB29NHSKH, UC1QPKJRF, 3 
UBQ2YM5BR, U2NAF0TEV, 3 
U938Y4H1P, UGTD7K988, 3 
UCC28R0GL, UDZNG4FL7, 3 
UB0SVMJ8K, U1JDCJE31, 3 
U1NHMP16K, UD7947N7M, 3 
UBEB4651V, U96EX75RN, 3 
UDD5A13CJ, U96J96UJY, 3 
UDD5A13CJ, U2NAF0TEV, 3 
UHJ705C87, UHAUF3NN4, 3 
U0AA4Q8LS, U4DBNDVAL, 3 
UGLGS3TQS, UB29NHSKH, 3 
U0AA4Q8LS, UEMHXN465, 3 
UG4QL2SQL, U95512YE6, 3 
U1NHMP16K, UEGB506PJ, 3 
UABFDCBA4, UD7947N7M, 3 
UB8L6ANL9, U1JDCJE31, 3 
UCC28R0GL, UB1ATRBQV, 3 
UDD5A13CJ, U4DBNDVAL, 3 
U9LPTQL4T, UFR6Y59RT, 3 
UABFDCBA4, U94E0CKC4, 3 
U9NFAUFU0, UG4QL2SQL, 3 
U0AA4Q8LS, U94E0CKC4, 3 
U2NAF0TEV, UF9TRDAGP, 3 
UC1QPKJRF, U2NAF0TEV, 3 
UF9TRDAGP, UEGB506PJ, 3 
U9558TLMQ, U938Y4H1P, 3 
U93GXHPA7, UDZNG4FL7, 3 
UB8L6ANL9, U2NAF0TEV, 3 
U2NAF0TEV, UBEB4651V, 3 
UDZNG4FL7, UGLGS3TQS, 3 
U4H8SC4GH, U94J27HB3, 3 
UB1ATRBQV, UEMHXN465, 3 
U93GXHPA7, U0Z2D5GGY, 3 
UAN783ZJ6, U938Y4H1P, 3 
U938Y4H1P, UHAUF3NN4, 3 
U15CJU8U8, U9LPTQL4T, 3 
UB1ATRBQV, UBBE338JE, 3 
UA9QGGZU5, U94J27HB3, 3 
UABFDCBA4, U15CJU8U8, 3 
UD7947N7M, U96J96UJY, 3 
U95512YE6, UB0SVMJ8K, 3 
U94J27HB3, U4DBNDVAL, 3 
UF9TRDAGP, U2NAF0TEV, 3 
UB8L6ANL9, UBBE338JE, 3 
UGLGS3TQS, UEGB506PJ, 3 
UAN783ZJ6, U15CJU8U8, 3 
U0Z2D5GGY, U95G5911R, 3 
U4DBNDVAL, UB29NHSKH, 3 
U15CJU8U8, UFR6Y59RT, 3 
UCC28R0GL, UGLGS3TQS, 3 
U9LPTQL4T, U2Q6RKFQR, 3 
UDD5A13CJ, U94J27HB3, 3 
UB29NHSKH, UBEB4651V, 3 
UBQ2YM5BR, U1JDCJE31, 3 
UABFDCBA4, U96EX75RN, 3 
UB1ATRBQV, UB0SVMJ8K, 3 
U94J27HB3, UFR6Y59RT, 3 
UABFDCBA4, UA9QGGZU5, 3 
UF9TRDAGP, UC1QPKJRF, 3 
U2NAF0TEV, UHAUF3NN4, 3 
UHJ705C87, U938Y4H1P, 3 
U9NFAUFU0, U9558TLMQ, 3 
UDD5A13CJ, U95512YE6, 3 
U9NFAUFU0, U4H8SC4GH, 3 
U1NHMP16K, U4DBNDVAL, 3 
U95512YE6, UC7JZG36C, 3 
U9NFAUFU0, U0Z2D5GGY, 3 
UAN783ZJ6, U94J27HB3, 3 
UB8LF3N67, U94E0CKC4, 3 
U93GXHPA7, U0K8V3V9D, 3 
U94E0CKC4, UC1QPKJRF, 3 
U0AA4Q8LS, U96EX75RN, 3 
U938Y4H1P, U96EX75RN, 3 
U1JDCJE31, UEGB506PJ, 3 
UB0SVMJ8K, U15CJU8U8, 3 
U9NFAUFU0, UD7947N7M, 3 
U0AA4Q8LS, U2Q6RKFQR, 3 
UC7JZG36C, U2NAF0TEV, 3 
UA9QGGZU5, U2NAF0TEV, 3 
UEMHXN465, U94J27HB3, 3 
UC7JZG36C, UC1QPKJRF, 3 
UC1QPKJRF, U95512YE6, 3 
U4H8SC4GH, U0Z2D5GGY, 3 
U0AB2JQFK, U1NHMP16K, 3 
U0Z2D5GGY, U4H8SC4GH, 3 
U1NHMP16K, U0AA4Q8LS, 3 
U9NFAUFU0, U4DBNDVAL, 3 
UDZNG4FL7, U938Y4H1P, 3 
UB8L6ANL9, UAN783ZJ6, 3 
UAN783ZJ6, U95512YE6, 3 
UF9TRDAGP, UB29NHSKH, 3 
UC7JZG36C, U94J27HB3, 3 
UC7JZG36C, U95512YE6, 3 
UEGB506PJ, UCC28R0GL, 3 
UB29NHSKH, UG4QL2SQL, 3 
U94J27HB3, UDD5A13CJ, 3 
UC1QPKJRF, UEGB506PJ, 3 
U4DBNDVAL, U4H8SC4GH, 3 
U0AB2JQFK, U96J96UJY, 3 
U9LPTQL4T, UGMT8LWQ2, 3 
UF47EQSL9, UB29NHSKH, 3 
UB29NHSKH, UC7JZG36C, 3 
UGLGS3TQS, UCC28R0GL, 3 
U0AB2JQFK, U96EX75RN, 3 
UEGB506PJ, UC1QPKJRF, 3 
UBQ2YM5BR, UC1QPKJRF, 3 
U0AA4Q8LS, UA9QGGZU5, 3 
U9LPTQL4T, UDZNG4FL7, 3 
U15CJU8U8, U0AA4Q8LS, 3 
U966AN0JD, U966AN0JD, 3 
U95512YE6, UFR6Y59RT, 3 
UB8LF3N67, U96EX75RN, 3 
U966AN0JD, UGMT8LWQ2, 3 
U1JDCJE31, UC7JZG36C, 3 
U96J96UJY, U1NHMP16K, 3 
UB1ATRBQV, U4DBNDVAL, 3 
U1JDCJE31, UC1QPKJRF, 3 
UC1QPKJRF, U938Y4H1P, 3 
U93GXHPA7, UFR6Y59RT, 3 
U9LPTQL4T, U94E0CKC4, 3 
UDZNG4FL7, UEGB506PJ, 3 
UB1ATRBQV, UF9TRDAGP, 3 
U94J27HB3, U95G5911R, 3 
UBQ2YM5BR, U95512YE6, 3 
U938Y4H1P, U95HEFZV5, 3 
U94J27HB3, U0AB2JQFK, 3 
U95512YE6, UEGB506PJ, 3 
UB1ATRBQV, U0Z2D5GGY, 3 
UAN783ZJ6, UB29NHSKH, 3 
UBEB4651V, U15CJU8U8, 3 
UBEB4651V, U0AA4Q8LS, 3 
UC7JZG36C, UCC28R0GL, 3 
UEGB506PJ, U9LPTQL4T, 3 
U2NAF0TEV, U95G5911R, 3 
U96J96UJY, U4HAFJGRX, 3 
UEGB506PJ, U95512YE6, 3 
U15CJU8U8, UDZNG4FL7, 3 
U9NFAUFU0, UC7JZG36C, 3 
U966AN0JD, U94E0CKC4, 3 
UBQ2YM5BR, U966AN0JD, 3 
U0AB2JQFK, UB29NHSKH, 3 
UGLGS3TQS, UGMT8LWQ2, 2 
U4DBNDVAL, U0AB2JQFK, 2 
UG4QL2SQL, UABFDCBA4, 2 
UB29NHSKH, U15CJU8U8, 2 
UA9QGGZU5, U95512YE6, 2 
U94J27HB3, UF9TRDAGP, 2 
U966AN0JD, U0K8V3V9D, 2 
U0K8V3V9D, U1NHMP16K, 2 
U4DBNDVAL, U1NHMP16K, 2 
UDZNG4FL7, U9558TLMQ, 2 
U96J96UJY, U9LPTQL4T, 2 
U4DBNDVAL, U96N34SLV, 2 
U95512YE6, UB1ATRBQV, 2 
U0AB2JQFK, U93GXHPA7, 2 
UABFDCBA4, U4HAFJGRX, 2 
U94J27HB3, UEMHXN465, 2 
U4DBNDVAL, U95HEFZV5, 2 
U96J96UJY, U96N34SLV, 2 
U9LPTQL4T, UD7947N7M, 2 
U1JDCJE31, U1NHMP16K, 2 
U4DBNDVAL, U4HAFJGRX, 2 
UEMHXN465, U94E0CKC4, 2 
UEGB506PJ, U938Y4H1P, 2 
UCC28R0GL, UFR6Y59RT, 2 
UB8L6ANL9, U9LPTQL4T, 2 
U93GXHPA7, UA9QGGZU5, 2 
U9558TLMQ, U15CJU8U8, 2 
UB8LF3N67, U4DBNDVAL, 2 
UHJ705C87, UGLGS3TQS, 2 
U2NAF0TEV, UDD5A13CJ, 2 
U9558TLMQ, U9LPTQL4T, 2 
U0AB2JQFK, UAN783ZJ6, 2 
U938Y4H1P, UA9QGGZU5, 2 
U94J27HB3, UEGB506PJ, 2 
UFR6Y59RT, UC7JZG36C, 2 
UHJ705C87, U9LPTQL4T, 2 
U962U594H, U94E0CKC4, 2 
UD7947N7M, U4HAFJGRX, 2 
U966AN0JD, UBQ2YM5BR, 2 
U1NHMP16K, UBEB4651V, 2 
UFR6Y59RT, U1JDCJE31, 2 
U938Y4H1P, UBQ2YM5BR, 2 
U9LPTQL4T, UB1ATRBQV, 2 
UF9TRDAGP, U1JDCJE31, 2 
UDD5A13CJ, UC1QPKJRF, 2 
U96J96UJY, UBM7N6HGF, 2 
U9LPTQL4T, U0Z2D5GGY, 2 
UABFDCBA4, UEGB506PJ, 2 
U95512YE6, UB8L6ANL9, 2 
U966AN0JD, U0AB2JQFK, 2 
U9558TLMQ, U96EX75RN, 2 
U94J27HB3, UB8L6ANL9, 2 
UCC28R0GL, UHJ705C87, 2 
UAN783ZJ6, UCC28R0GL, 2 
UCC28R0GL, UB8L6ANL9, 2 
UEMHXN465, U96J96UJY, 2 
UFR6Y59RT, U94J27HB3, 2 
U4DBNDVAL, U15CJU8U8, 2 
UB1ATRBQV, UB8L6ANL9, 2 
U15CJU8U8, U4DBNDVAL, 2 
U15CJU8U8, U95HEFZV5, 2 
U96J96UJY, UCC28R0GL, 2 
UB8LF3N67, U15CJU8U8, 2 
U0AB2JQFK, UABFDCBA4, 2 
UABFDCBA4, UABFDCBA4, 2 
UC1QPKJRF, UF47EQSL9, 2 
UBQ2YM5BR, U0AA4Q8LS, 2 
UB1ATRBQV, UD7947N7M, 2 
U9LPTQL4T, U0AA4Q8LS, 2 
U9NFAUFU0, U96EX75RN, 2 
UB29NHSKH, U9558TLMQ, 2 
U4DBNDVAL, UD7947N7M, 2 
UDZNG4FL7, UGTD7K988, 2 
UB8L6ANL9, UCC28R0GL, 2 
UEGB506PJ, UBEB4651V, 2 
U0AB2JQFK, UCC28R0GL, 2 
U9LPTQL4T, U95HEFZV5, 2 
U4H8SC4GH, UC7JZG36C, 2 
UHJ705C87, U15CJU8U8, 2 
UBEB4651V, UDZNG4FL7, 2 
UCC28R0GL, U4DBNDVAL, 2 
UC1QPKJRF, U9LPTQL4T, 2 
U95512YE6, UA9QGGZU5, 2 
U1NHMP16K, U9743VA3W, 2 
U93GXHPA7, UF47EQSL9, 2 
UBQ2YM5BR, U9NBSUS21, 2 
UBEB4651V, U1NHMP16K, 2 
U93GXHPA7, UDD5A13CJ, 2 
U966AN0JD, U4DBNDVAL, 2 
UB8LF3N67, U94J27HB3, 2 
U9743VA3W, U94J27HB3, 2 
U96J96UJY, U9558TLMQ, 2 
U938Y4H1P, U93GXHPA7, 2 
U0Z2D5GGY, UB8L6ANL9, 2 
UA9QGGZU5, U1NHMP16K, 2 
U15CJU8U8, U96J96UJY, 2 
UG4QL2SQL, UEJRBKFMH, 2 
U2NAF0TEV, UHJ705C87, 2 
U94J27HB3, UDZNG4FL7, 2 
UB8L6ANL9, U0AA4Q8LS, 2 
U4H8SC4GH, U1NHMP16K, 2 
UGLGS3TQS, UDZNG4FL7, 2 
U9LPTQL4T, UA9QGGZU5, 2 
U4H8SC4GH, U2NAF0TEV, 2 
U966AN0JD, UC7JZG36C, 2 
U0AA4Q8LS, UB8L6ANL9, 2 
UF6B430KG, UAN783ZJ6, 2 
U9LPTQL4T, UF47EQSL9, 2 
UC1QPKJRF, U93GXHPA7, 2 
U93GXHPA7, U96N34SLV, 2 
U9LPTQL4T, U1NHMP16K, 2 
U95512YE6, UDZNG4FL7, 2 
UB1ATRBQV, U9558TLMQ, 2 
U4H8SC4GH, U2KQRJM6V, 2 
UDD5A13CJ, UB29NHSKH, 2 
UFR6Y59RT, U15CJU8U8, 2 
U95512YE6, UBEB4651V, 2 
U96J96UJY, U96MUUQCW, 2 
U93GXHPA7, U4365G4AU, 2 
U93GXHPA7, UBM7N6HGF, 2 
UDZNG4FL7, UB0SVMJ8K, 2 
U4365G4AU, U95HEFZV5, 2 
U4H8SC4GH, UD7947N7M, 2 
UAN783ZJ6, UGMT8LWQ2, 2 
U0AB2JQFK, UD7947N7M, 2 
UB8L6ANL9, U4HAFJGRX, 2 
UBEB4651V, UB1ATRBQV, 2 
U4DBNDVAL, UC1QPKJRF, 2 
UF9TRDAGP, U94J27HB3, 2 
U2NAF0TEV, U966AN0JD, 2 
U0AB2JQFK, U0Z2D5GGY, 2 
U93GXHPA7, UGMT8LWQ2, 2 
U4H8SC4GH, U96EX75RN, 2 
U966AN0JD, U0Z2D5GGY, 2 
UB0SVMJ8K, UC1QPKJRF, 2 
U96J96UJY, U0AA4Q8LS, 2 
UC7JZG36C, U1NHMP16K, 2 
U966AN0JD, UB1ATRBQV, 2 
U966AN0JD, UG4QL2SQL, 2 
UGLGS3TQS, U1JDCJE31, 2 
U9LPTQL4T, U96N34SLV, 2 
UBEB4651V, U93GXHPA7, 2 
UABFDCBA4, UEJRBKFMH, 2 
UGLGS3TQS, U938Y4H1P, 2 
UHJ705C87, UGTD7K988, 2 
U96J96UJY, U1JDCJE31, 2 
U0Z2D5GGY, U0AA4Q8LS, 2 
U94J27HB3, UD7947N7M, 2 
U0AB2JQFK, UC7JZG36C, 2 
U4DBNDVAL, UABFDCBA4, 2 
UC7JZG36C, U96J96UJY, 2 
U0AB2JQFK, U95HEFZV5, 2 
U94E0CKC4, U9LPTQL4T, 2 
UB1ATRBQV, U966AN0JD, 2 
U94J27HB3, UB0SVMJ8K, 2 
U94E0CKC4, U4HAFJGRX, 2 
U0Z2D5GGY, U0AB2JQFK, 2 
U9NFAUFU0, U96J96UJY, 2 
U966AN0JD, U95HEFZV5, 2 
UABFDCBA4, U938Y4H1P, 2 
UABFDCBA4, U2Q6RKFQR, 2 
U94E0CKC4, U1JDCJE31, 2 
UGLGS3TQS, UC7JZG36C, 2 
UG4QL2SQL, U94J27HB3, 2 
UF47EQSL9, U9743VA3W, 2 
UAN783ZJ6, U2NAF0TEV, 2 
UCC28R0GL, U4HAFJGRX, 2 
U9558TLMQ, U95512YE6, 2 
U0K8V3V9D, U2NAF0TEV, 2 
UB8L6ANL9, UHJ705C87, 2 
U0Z2D5GGY, U1NHMP16K, 2 
U938Y4H1P, UD7947N7M, 2 
UAN783ZJ6, U0AA4Q8LS, 2 
U4DBNDVAL, U9743VA3W, 2 
U4DBNDVAL, U0AA4Q8LS, 2 
U0AA4Q8LS, UBBE338JE, 2 
U96J96UJY, UC7JZG36C, 2 
U966AN0JD, U4HAFJGRX, 2 
UBQ2YM5BR, U938Y4H1P, 2 
U962U594H, U9558TLMQ, 2 
U0AB2JQFK, U0AA4Q8LS, 2 
U96J96UJY, U95HEFZV5, 2 
UA9QGGZU5, UFR6Y59RT, 2 
U95512YE6, UDD5A13CJ, 2 
U15CJU8U8, U95G5911R, 2 
UAN783ZJ6, U966AN0JD, 2 
UB0SVMJ8K, U96EX75RN, 2 
UDD5A13CJ, U4HAFJGRX, 2 
U15CJU8U8, UGMT8LWQ2, 2 
U94E0CKC4, U4365G4AU, 2 
UF9TRDAGP, U938Y4H1P, 2 
UDZNG4FL7, U1NHMP16K, 2 
UAN783ZJ6, UC1QPKJRF, 2 
U962U594H, U94J27HB3, 2 
UFFUD4TSB, U94J27HB3, 2 
U4H8SC4GH, UB29NHSKH, 2 
U93GXHPA7, UEMHXN465, 2 
UBEB4651V, U938Y4H1P, 2 
UG4QL2SQL, UD7947N7M, 2 
U94J27HB3, U96EX75RN, 2 
U9558TLMQ, U1JDCJE31, 2 
U1JDCJE31, U9NFAUFU0, 2 
UB29NHSKH, U4DBNDVAL, 2 
UC1QPKJRF, UA9QGGZU5, 2 
UEGB506PJ, U0AA4Q8LS, 2 
U966AN0JD, UEGB506PJ, 2 
U94E0CKC4, UB1ATRBQV, 2 
U0AA4Q8LS, UH8051QS3, 2 
U0AA4Q8LS, UF9TRDAGP, 2 
U95512YE6, U0AB2JQFK, 2 
UC7JZG36C, UEGB506PJ, 2 
UHJ705C87, UC1QPKJRF, 2 
UB1ATRBQV, UBEB4651V, 2 
U0AB2JQFK, U94E0CKC4, 2 
UEGB506PJ, UABFDCBA4, 2 
U966AN0JD, UDZNG4FL7, 2 
UABFDCBA4, U96J96UJY, 2 
U96J96UJY, UA9QGGZU5, 2 
U0Z2D5GGY, U96J96UJY, 2 
U93GXHPA7, UF9TRDAGP, 2 
UB29NHSKH, UD7947N7M, 2 
U1JDCJE31, UAN783ZJ6, 2 
UDZNG4FL7, U15CJU8U8, 2 
UB1ATRBQV, U2Q6RKFQR, 2 
U1NHMP16K, U2Q6RKFQR, 2 
U95512YE6, UAN783ZJ6, 2 
UB8L6ANL9, U0AB2JQFK, 2 
U1NHMP16K, U9LPTQL4T, 2 
U0AA4Q8LS, UHAUF3NN4, 2 
UEGB506PJ, U15CJU8U8, 2 
UDZNG4FL7, UC1QPKJRF, 2 
UABFDCBA4, UC7JZG36C, 2 
U4H8SC4GH, U94E0CKC4, 2 
U0AA4Q8LS, U96J96UJY, 2 
U9NFAUFU0, UB1ATRBQV, 2 
U966AN0JD, U96J96UJY, 2 
U966AN0JD, U96EX75RN, 2 
UEMHXN465, U0AB2JQFK, 2 
UDZNG4FL7, U4HAFJGRX, 2 
U96J96UJY, UEJRBKFMH, 2 
UDZNG4FL7, U9LPTQL4T, 2 
U9LPTQL4T, UG4QL2SQL, 2 
UEMHXN465, UB29NHSKH, 2 
U0AB2JQFK, U15CJU8U8, 2 
U1NHMP16K, UDZNG4FL7, 2 
UEMHXN465, U15CJU8U8, 2 
U1NHMP16K, U96EX75RN, 2 
U9LPTQL4T, UB0SVMJ8K, 2 
UB8LF3N67, U4HAFJGRX, 2 
UC1QPKJRF, U1JDCJE31, 2 
UB1ATRBQV, U96J96UJY, 2 
U94J27HB3, U4H8SC4GH, 2 
UB29NHSKH, U9LPTQL4T, 2 
UB29NHSKH, UAN783ZJ6, 2 
U4365G4AU, U94J27HB3, 2 
UDZNG4FL7, UDXUSCGE4, 1 
U938Y4H1P, UHJ705C87, 1 
UBQ2YM5BR, U2KQRJM6V, 1 
UC7JZG36C, U9LPTQL4T, 1 
U1NHMP16K, U4H8SC4GH, 1 
UHJ705C87, UD7947N7M, 1 
U95512YE6, UBM7N6HGF, 1 
U0K8V3V9D, UABFDCBA4, 1 
UHJ705C87, UAN783ZJ6, 1 
UDD5A13CJ, UB0SVMJ8K, 1 
U938Y4H1P, UFR6Y59RT, 1 
U0Z2D5GGY, UBM7N6HGF, 1 
UBQ2YM5BR, UCC28R0GL, 1 
U1NHMP16K, UA9QGGZU5, 1 
U0K8V3V9D, U9743VA3W, 1 
UFR6Y59RT, UGMT8LWQ2, 1 
UGTD7K988, UCC28R0GL, 1 
UC7JZG36C, UBBE338JE, 1 
U95G5911R, U95512YE6, 1 
U938Y4H1P, UB8LF3N67, 1 
U94J27HB3, UB1ATRBQV, 1 
UB8L6ANL9, UBEB4651V, 1 
U962U594H, U95G5911R, 1 
UB8L6ANL9, UBM7N6HGF, 1 
U0Z2D5GGY, U4365G4AU, 1 
U15CJU8U8, UB1ATRBQV, 1 
U0AA4Q8LS, U96N34SLV, 1 
UC1QPKJRF, U4DBNDVAL, 1 
U4HAFJGRX, UCC28R0GL, 1 
UABFDCBA4, UB0SVMJ8K, 1 
U0Z2D5GGY, UAN783ZJ6, 1 
UGLGS3TQS, UHJ705C87, 1 
UD7947N7M, U9LPTQL4T, 1 
U4HAFJGRX, UD7947N7M, 1 
UDD5A13CJ, UDCQT5MA8, 1 
UD7947N7M, U9558TLMQ, 1 
UC1QPKJRF, UBBE338JE, 1 
U2Q6RKFQR, UABFDCBA4, 1 
U962U594H, U1NHMP16K, 1 
UHJ705C87, UB8L6ANL9, 1 
U96J96UJY, U96SHJAL9, 1 
U4HAFJGRX, U94J27HB3, 1 
UB1ATRBQV, UH8051QS3, 1 
UHJ705C87, U1NHMP16K, 1 
UB8LF3N67, U9743VA3W, 1 
U4DBNDVAL, U2KQRJM6V, 1 
U95G5911R, UCC28R0GL, 1 
UBQ2YM5BR, U15CJU8U8, 1 
U9LPTQL4T, UFP2SC03D, 1 
U0AB2JQFK, UC1QPKJRF, 1 
U94E0CKC4, UBBE338JE, 1 
UAN783ZJ6, UEGB506PJ, 1 
U938Y4H1P, UBBE338JE, 1 
UDZNG4FL7, U95HEFZV5, 1 
U2Q6RKFQR, U15CJU8U8, 1 
U96SHJAL9, U2Q6RKFQR, 1 
U4HAFJGRX, UDD5A13CJ, 1 
U0K8V3V9D, U0AA4Q8LS, 1 
U0AA4Q8LS, UF47EQSL9, 1 
U4HAFJGRX, U2NAF0TEV, 1 
UB0SVMJ8K, U96J96UJY, 1 
U95512YE6, U4H8SC4GH, 1 
UF6B430KG, U94J27HB3, 1 
UC7JZG36C, U0AB2JQFK, 1 
U4H8SC4GH, UF9TRDAGP, 1 
U1JDCJE31, UCC28R0GL, 1 
U0AA4Q8LS, U4365G4AU, 1 
U0AB2JQFK, UHAUF3NN4, 1 
U4DBNDVAL, U96J96UJY, 1 
UEAD87GH3, U94J27HB3, 1 
UAN783ZJ6, U9LPTQL4T, 1 
UD7947N7M, U938Y4H1P, 1 
U938Y4H1P, U0AB2JQFK, 1 
U94E0CKC4, U4JMWGSCW, 1 
UB1ATRBQV, U0K8V3V9D, 1 
U0K8V3V9D, U96EX75RN, 1 
U95G5911R, U938Y4H1P, 1 
U0K8V3V9D, U95512YE6, 1 
UAN783ZJ6, U94E0CKC4, 1 
U4HAFJGRX, UC1QPKJRF, 1 
U2NAF0TEV, U2KQRJM6V, 1 
UA9QGGZU5, UB29NHSKH, 1 
U94J27HB3, U0K8V3V9D, 1 
UFR6Y59RT, UEGB506PJ, 1 
U9558TLMQ, U0AB2JQFK, 1 
UABFDCBA4, U1NHMP16K, 1 
U0Z2D5GGY, U0K8V3V9D, 1 
UEGB506PJ, UAN783ZJ6, 1 
UEGB506PJ, U95G5911R, 1 
U4HAFJGRX, U96N34SLV, 1 
U9LPTQL4T, UH8051QS3, 1 
UB1ATRBQV, UA9QGGZU5, 1 
U9LPTQL4T, U9NFAUFU0, 1 
UFR6Y59RT, UBEB4651V, 1 
U0AA4Q8LS, UGTD7K988, 1 
U1JDCJE31, U93GXHPA7, 1 
U938Y4H1P, UDXUSCGE4, 1 
U9558TLMQ, U96N34SLV, 1 
UG4QL2SQL, UCC28R0GL, 1 
U95512YE6, U2Q6RKFQR, 1 
UF6B430KG, UBM7N6HGF, 1 
UG4QL2SQL, UEGB506PJ, 1 
UC7JZG36C, U9558TLMQ, 1 
U95G5911R, UB29NHSKH, 1 
U95512YE6, U9743VA3W, 1 
U962U594H, U95HEFZV5, 1 
U9NFAUFU0, UGMT8LWQ2, 1 
U2Q6RKFQR, U1JDCJE31, 1 
UF47EQSL9, U2NAF0TEV, 1 
U4365G4AU, UD7947N7M, 1 
U962U594H, UAN783ZJ6, 1 
UBEB4651V, UB0SVMJ8K, 1 
UB0SVMJ8K, U1NHMP16K, 1 
UABFDCBA4, U96N34SLV, 1 
UBEB4651V, U966AN0JD, 1 
UA9QGGZU5, UF47EQSL9, 1 
UF47EQSL9, U15CJU8U8, 1 
U0AB2JQFK, UB0SVMJ8K, 1 
UB0SVMJ8K, UCC28R0GL, 1 
UF6B430KG, UHAUF3NN4, 1 
U1JDCJE31, UB1ATRBQV, 1 
U96J96UJY, U962U594H, 1 
U15CJU8U8, U4365G4AU, 1 
U94J27HB3, UGTD7K988, 1 
U1JDCJE31, U4HAFJGRX, 1 
UA9QGGZU5, U15CJU8U8, 1 
U4H8SC4GH, UDCQT5MA8, 1 
U9558TLMQ, U4DBNDVAL, 1 
UFR6Y59RT, U2NAF0TEV, 1 
UFR6Y59RT, UB29NHSKH, 1 
UC1QPKJRF, UC1QPKJRF, 1 
U93GXHPA7, U9743VA3W, 1 
U966AN0JD, UF47EQSL9, 1 
UGTD7K988, UB29NHSKH, 1 
UG4QL2SQL, U4DBNDVAL, 1 
U2NAF0TEV, UD7947N7M, 1 
U0K8V3V9D, U9558TLMQ, 1 
U966AN0JD, UFP2SC03D, 1 
UGTD7K988, U94J27HB3, 1 
U2NAF0TEV, UFR6Y59RT, 1 
U15CJU8U8, U9558TLMQ, 1 
U9NFAUFU0, U93GXHPA7, 1 
UF9TRDAGP, U9LPTQL4T, 1 
UEGB506PJ, UEJRBKFMH, 1 
U2NAF0TEV, U4365G4AU, 1 
UAN783ZJ6, UDXUSCGE4, 1 
U1JDCJE31, U94E0CKC4, 1 
U4H8SC4GH, U9743VA3W, 1 
U96J96UJY, U2Q6RKFQR, 1 
UCC28R0GL, U4365G4AU, 1 
UBQ2YM5BR, UAN783ZJ6, 1 
U95512YE6, UGMT8LWQ2, 1 
UF47EQSL9, U4DBNDVAL, 1 
UGTD7K988, UDZNG4FL7, 1 
U4DBNDVAL, U93GXHPA7, 1 
U15CJU8U8, UAN783ZJ6, 1 
UF9TRDAGP, UFR6Y59RT, 1 
UB0SVMJ8K, UB0SVMJ8K, 1 
U93GXHPA7, UDCQT5MA8, 1 
U9558TLMQ, UABFDCBA4, 1 
U95512YE6, U0K8V3V9D, 1 
UA9QGGZU5, UABFDCBA4, 1 
UDD5A13CJ, UEGB506PJ, 1 
U4DBNDVAL, UCC28R0GL, 1 
UDD5A13CJ, U1JDCJE31, 1 
UBQ2YM5BR, UB1ATRBQV, 1 
UB29NHSKH, UDZNG4FL7, 1 
UEMHXN465, UEGB506PJ, 1 
U4365G4AU, U95G5911R, 1 
U0Z2D5GGY, U966AN0JD, 1 
U9558TLMQ, U93GXHPA7, 1 
UC7JZG36C, U1JDCJE31, 1 
UB1ATRBQV, U94E0CKC4, 1 
UGTD7K988, U9LPTQL4T, 1 
U0Z2D5GGY, UEGB506PJ, 1 
U95512YE6, U9558TLMQ, 1 
U0AA4Q8LS, U9NBSUS21, 1 
UCC28R0GL, U96J96UJY, 1 
UBQ2YM5BR, UABFDCBA4, 1 
UGTD7K988, UHAUF3NN4, 1 
U4DBNDVAL, U96SHJAL9, 1 
UB8L6ANL9, U95G5911R, 1 
UB8LF3N67, U96J96UJY, 1 
U95512YE6, U95512YE6, 1 
UABFDCBA4, U95HEFZV5, 1 
UGTD7K988, U96J96UJY, 1 
UCC28R0GL, U0AA4Q8LS, 1 
UABFDCBA4, UBBE338JE, 1 
U962U594H, UA9QGGZU5, 1 
UG4QL2SQL, U94E0CKC4, 1 
UABFDCBA4, U962U594H, 1 
U4H8SC4GH, UABFDCBA4, 1 
U0AB2JQFK, U4DBNDVAL, 1 
U9743VA3W, U96EX75RN, 1 
UGLGS3TQS, U94E0CKC4, 1 
UF6B430KG, UGMT8LWQ2, 1 
UB8L6ANL9, UDZNG4FL7, 1 
UBEB4651V, U94E0CKC4, 1 
U962U594H, U95512YE6, 1 
U0Z2D5GGY, U96EX75RN, 1 
UC1QPKJRF, U96EX75RN, 1 
UB29NHSKH, UB1ATRBQV, 1 
UAN783ZJ6, UC7JZG36C, 1 
UB29NHSKH, U4HAFJGRX, 1 
UG4QL2SQL, U0AA4Q8LS, 1 
UG4QL2SQL, U96EX75RN, 1 
UDD5A13CJ, UD7947N7M, 1 
UEMHXN465, UCC28R0GL, 1 
UCC28R0GL, UHAUF3NN4, 1 
U9NFAUFU0, UBQ2YM5BR, 1 
U1NHMP16K, U0AB2JQFK, 1 
U4H8SC4GH, UAN783ZJ6, 1 
U2NAF0TEV, UH8051QS3, 1 
U94J27HB3, U966AN0JD, 1 
UC7JZG36C, U938Y4H1P, 1 
UEAD87GH3, U94E0CKC4, 1 
U4H8SC4GH, U95HEFZV5, 1 
U0Z2D5GGY, U9558TLMQ, 1 
U95G5911R, UABFDCBA4, 1 
UB1ATRBQV, UB1ATRBQV, 1 
UGTD7K988, UC7JZG36C, 1 
UFR6Y59RT, UB1ATRBQV, 1 
U96J96UJY, UEAD87GH3, 1 
U95G5911R, U94J27HB3, 1 
U93GXHPA7, U96MUUQCW, 1 
UB1ATRBQV, U0AB2JQFK, 1 
U9NFAUFU0, UBEB4651V, 1 
UBQ2YM5BR, U9NFAUFU0, 1 
U9NFAUFU0, UBBE338JE, 1 
UC1QPKJRF, U4HAFJGRX, 1 
UDD5A13CJ, U95G5911R, 1 
UBQ2YM5BR, U96J96UJY, 1 
UB8L6ANL9, U0Z2D5GGY, 1 
U15CJU8U8, U96N34SLV, 1 
U938Y4H1P, UF9TRDAGP, 1 
UFR6Y59RT, UC1QPKJRF, 1 
UB8LF3N67, UABFDCBA4, 1 
UF47EQSL9, U94J27HB3, 1 
U2NAF0TEV, UF47EQSL9, 1 
UGTD7K988, UFR6Y59RT, 1 
UB8LF3N67, UD7947N7M, 1 
U96J96UJY, U94E0CKC4, 1 
UB29NHSKH, U966AN0JD, 1 
U96SHJAL9, U4H8SC4GH, 1 
U938Y4H1P, U2Q6RKFQR, 1 
UC7JZG36C, UB8LF3N67, 1 
U9NFAUFU0, U95HEFZV5, 1 
UCC28R0GL, UGTD7K988, 1 
U9743VA3W, U2NAF0TEV, 1 
UAN783ZJ6, U4DBNDVAL, 1 
UCC28R0GL, UG4QL2SQL, 1 
U94J27HB3, UHJ705C87, 1 
U966AN0JD, UB8L6ANL9, 1 
UC7JZG36C, U95G5911R, 1 
UEMHXN465, U95512YE6, 1 
UDD5A13CJ, U938Y4H1P, 1 
UABFDCBA4, UB1ATRBQV, 1 
UF6B430KG, UEJRBKFMH, 1 
U1NHMP16K, UAN783ZJ6, 1 
UEGB506PJ, U96EX75RN, 1 
U9558TLMQ, U966AN0JD, 1 
UCC28R0GL, UBEB4651V, 1 
U94E0CKC4, UEGB506PJ, 1 
UG4QL2SQL, U96J96UJY, 1 
U4H8SC4GH, U4DBNDVAL, 1 
U4H8SC4GH, U96MUUQCW, 1 
UHJ705C87, U96EX75RN, 1 
U0Z2D5GGY, UBBE338JE, 1 
U9558TLMQ, UEGB506PJ, 1 
U0AB2JQFK, U4HAFJGRX, 1 
U96J96UJY, UB1ATRBQV, 1 
UEMHXN465, UD7947N7M, 1 
U4HAFJGRX, U96J96UJY, 1 
UBEB4651V, UD7947N7M, 1 
U9743VA3W, UF47EQSL9, 1 
UG4QL2SQL, UFR6Y59RT, 1 
UB8L6ANL9, UB1ATRBQV, 1 
U0K8V3V9D, U4HAFJGRX, 1 
U96J96UJY, U0Z2D5GGY, 1 
UB29NHSKH, U93GXHPA7, 1 
U96J96UJY, U2KQRJM6V, 1 
UC1QPKJRF, U0AA4Q8LS, 1 
UB8LF3N67, UCC28R0GL, 1 
UB8L6ANL9, U4H8SC4GH, 1 
U4H8SC4GH, U96J96UJY, 1 
U94E0CKC4, UA9QGGZU5, 1 
U4365G4AU, U2NAF0TEV, 1 
U94J27HB3, UAN783ZJ6, 1 
UDZNG4FL7, UABFDCBA4, 1 
U4DBNDVAL, U96EX75RN, 1 
U0Z2D5GGY, U1JDCJE31, 1 
UABFDCBA4, U0AB2JQFK, 1 
U94E0CKC4, UEMHXN465, 1 
UHJ705C87, UBBE338JE, 1 
UF47EQSL9, U96J96UJY, 1 
U93GXHPA7, UH8051QS3, 1 
UB8L6ANL9, U4DBNDVAL, 1 
U94E0CKC4, U93GXHPA7, 1 
UBEB4651V, UGMT8LWQ2, 1 
U4H8SC4GH, U9LPTQL4T, 1 
UC1QPKJRF, UFR6Y59RT, 1 
U4H8SC4GH, UDZNG4FL7, 1 
UB8LF3N67, U0AA4Q8LS, 1 
UF6B430KG, U966AN0JD, 1 
UCC28R0GL, U2Q6RKFQR, 1 
UGLGS3TQS, U1NHMP16K, 1 
UB0SVMJ8K, UABFDCBA4, 1 
U94E0CKC4, U0AA4Q8LS, 1 
U1JDCJE31, UFR6Y59RT, 1 
U9558TLMQ, UC7JZG36C, 1 
UB29NHSKH, U96J96UJY, 1 
U938Y4H1P, UEMHXN465, 1 
U1NHMP16K, U96N34SLV, 1 
UCC28R0GL, U94E0CKC4, 1 
U95G5911R, U15CJU8U8, 1 
UB8L6ANL9, UDD5A13CJ, 1 
U938Y4H1P, U9743VA3W, 1 
U2NAF0TEV, UEMHXN465, 1 
UB29NHSKH, U95512YE6, 1 
U938Y4H1P, U962U594H, 1 
UB8LF3N67, U938Y4H1P, 1 
UGLGS3TQS, U15CJU8U8, 1 
U9743VA3W, UEGB506PJ, 1 
UD7947N7M, UB29NHSKH, 1 
U962U594H, U15CJU8U8, 1 
U1JDCJE31, U9558TLMQ, 1 
UABFDCBA4, U4365G4AU, 1 
U1JDCJE31, U0AB2JQFK, 1 
UG4QL2SQL, UEMHXN465, 1 
U4H8SC4GH, U95G5911R, 1 
UBQ2YM5BR, U95HEFZV5, 1 
U0AB2JQFK, U966AN0JD, 1 
UB0SVMJ8K, U938Y4H1P, 1 
U96J96UJY, U4DBNDVAL, 1 
U9NFAUFU0, UB8L6ANL9, 1 
UHAUF3NN4, UCC28R0GL, 1 
U2Q6RKFQR, UB29NHSKH, 1 
UC1QPKJRF, UDD5A13CJ, 1 
U9558TLMQ, U96J96UJY, 1 
UB8L6ANL9, U94E0CKC4, 1 
U0K8V3V9D, UB29NHSKH, 1 
U4H8SC4GH, UC1QPKJRF, 1 
UAN783ZJ6, U9NFAUFU0, 1 
U0Z2D5GGY, U4HSP82UT, 1 
U1NHMP16K, U2KQRJM6V, 1 
UCC28R0GL, U96EX75RN, 1 
U93GXHPA7, UB1ATRBQV, 1 
UBQ2YM5BR, U96EX75RN, 1 
UAN783ZJ6, UF6B430KG, 1 
U94E0CKC4, U4DBNDVAL, 1 
U95512YE6, UEJRBKFMH, 1 
UABFDCBA4, UFR6Y59RT, 1 
UDZNG4FL7, UBEB4651V, 1 
UC7JZG36C, U4DBNDVAL, 1 
U4HAFJGRX, U95512YE6, 1 
U15CJU8U8, UB0SVMJ8K, 1 
U962U594H, U938Y4H1P, 1 
UB8LF3N67, U0AB2JQFK, 1 
UCC28R0GL, U966AN0JD, 1 
U94J27HB3, UHAUF3NN4, 1 
U9743VA3W, U15CJU8U8, 1 
U4H8SC4GH, U0AB2JQFK, 1 
U938Y4H1P, UB0SVMJ8K, 1 
U94E0CKC4, U4H8SC4GH, 1 
U94J27HB3, UF47EQSL9, 1 
U9558TLMQ, UDZNG4FL7, 1 
U15CJU8U8, UA9QGGZU5, 1 
UGLGS3TQS, UGTD7K988, 1 
U0K8V3V9D, U96J96UJY, 1 
UB8L6ANL9, U9743VA3W, 1 
U96SHJAL9, U96EX75RN, 1 
U0AA4Q8LS, U95HEFZV5, 1 
UGTD7K988, U1NHMP16K, 1 
U95G5911R, UC1QPKJRF, 1 
UD7947N7M, U9743VA3W, 1 
U1JDCJE31, UGMT8LWQ2, 1 
U4DBNDVAL, U0K8V3V9D, 1 
UB8LF3N67, U1NHMP16K, 1 
UABFDCBA4, UDZNG4FL7, 1 
UB0SVMJ8K, U0K8V3V9D, 1 
U1JDCJE31, UD7947N7M, 1 
U9558TLMQ, UB1ATRBQV, 1 
U938Y4H1P, UDD5A13CJ, 1 
U15CJU8U8, UBBE338JE, 1 
UB29NHSKH, UGTD7K988, 1 
UD7947N7M, UC1QPKJRF, 1 
U9LPTQL4T, UGLGS3TQS, 1 
U0Z2D5GGY, UG4QL2SQL, 1 
UB8L6ANL9, UB0SVMJ8K, 1 
UABFDCBA4, U4H8SC4GH, 1 
UB8LF3N67, UBBE338JE, 1 
U9558TLMQ, UC1QPKJRF, 1 
UF47EQSL9, UC1QPKJRF, 1 
UC7JZG36C, U962U594H, 1 
UB1ATRBQV, U93GXHPA7, 1 
U0AB2JQFK, UGMT8LWQ2, 1 
U94E0CKC4, UAH3NDMEZ, 1 
UFR6Y59RT, U938Y4H1P, 1 
U0AB2JQFK, UDZNG4FL7, 1 
U0AB2JQFK, U2Q6RKFQR, 1 
U938Y4H1P, U4H8SC4GH, 1 
UABFDCBA4, UCC28R0GL, 1 
UDZNG4FL7, U94E0CKC4, 1 
UF47EQSL9, U96EX75RN, 1 
U1NHMP16K, U4365G4AU, 1 
UGTD7K988, U938Y4H1P, 1 
U4H8SC4GH, UCC28R0GL, 1 
UBQ2YM5BR, UC7JZG36C, 1 
U0AA4Q8LS, U95G5911R, 1 
U9LPTQL4T, UDD5A13CJ, 1 
UB0SVMJ8K, U95512YE6, 1 
U96J96UJY, UDZNG4FL7, 1 
UA9QGGZU5, UDD5A13CJ, 1 
UB29NHSKH, UF9TRDAGP, 1 
UHAUF3NN4, UC1QPKJRF, 1 
UB29NHSKH, U9NFAUFU0, 1 
U4HAFJGRX, U93GXHPA7, 1 
U9558TLMQ, UBBE338JE, 1 
U4HAFJGRX, U938Y4H1P, 1 
U0Z2D5GGY, U9NFAUFU0, 1 
UFFUD4TSB, UG4QL2SQL, 1 
UAN783ZJ6, UHAUF3NN4, 1 
U1JDCJE31, UF9TRDAGP, 1 
UD7947N7M, UCC28R0GL, 1 
UBQ2YM5BR, U4HAFJGRX, 1 
U94E0CKC4, U9558TLMQ, 1 
UGLGS3TQS, U4DBNDVAL, 1 
UC1QPKJRF, U966AN0JD, 1 
U966AN0JD, U9NBSUS21, 1 
U0AA4Q8LS, U0AA4Q8LS, 1 
U0Z2D5GGY, UBQ2YM5BR, 1 
U4HAFJGRX, U0AA4Q8LS, 1 
UDZNG4FL7, U4H8SC4GH, 1 
U94E0CKC4, UCC28R0GL, 1 
U9558TLMQ, UBEB4651V, 1 
U0AA4Q8LS, U0K8V3V9D, 1 
U0K8V3V9D, U15CJU8U8, 1 
UABFDCBA4, UEMHXN465, 1 
UB8L6ANL9, U96J96UJY, 1 
UDD5A13CJ, U4365G4AU, 1 
UD7947N7M, U15CJU8U8, 1 
UDD5A13CJ, U96EX75RN, 1 
UF47EQSL9, U95512YE6, 1 
U96J96UJY, UAN783ZJ6, 1 
U4H8SC4GH, U95512YE6, 1 
U1JDCJE31, U96EX75RN, 1 
UABFDCBA4, U0Z2D5GGY, 1 
UHJ705C87, U0AA4Q8LS, 1 
U0AB2JQFK, UEGB506PJ, 1 
U0Z2D5GGY, UD7947N7M, 1 
UHJ705C87, U4DBNDVAL, 1 
UEMHXN465, UABFDCBA4, 1 
U1NHMP16K, UB1ATRBQV, 1 
U9LPTQL4T, UAN783ZJ6, 1 
UB8L6ANL9, UEGB506PJ, 1 
U0K8V3V9D, U94J27HB3, 1 
U0K8V3V9D, UB0SVMJ8K, 1 
UEMHXN465, U4365G4AU, 1 
UBEB4651V, UH8051QS3, 1 
U0AA4Q8LS, U4H8SC4GH, 1 
U9LPTQL4T, UF9TRDAGP, 1 
U4HAFJGRX, U95HEFZV5, 1 
U0K8V3V9D, U9NFAUFU0, 1 
UD7947N7M, UEGB506PJ, 1 
UABFDCBA4, UBQ2YM5BR, 1 
U938Y4H1P, UF6B430KG, 1 
U94E0CKC4, UB8L6ANL9, 1 
U4365G4AU, U96J96UJY, 1 
UFR6Y59RT, U9LPTQL4T, 1 
UFR6Y59RT, UCC28R0GL, 1 
UB8L6ANL9, U95HEFZV5, 1 
U2NAF0TEV, UA9QGGZU5, 1 
UAN783ZJ6, UDZNG4FL7, 1 
U9LPTQL4T, UB8L6ANL9, 1 
UBEB4651V, U9NFAUFU0, 1 
UEGB506PJ, UFR6Y59RT, 1 
U94E0CKC4, U96MUUQCW, 1 
UB0SVMJ8K, U9LPTQL4T, 1 
U95G5911R, UEGB506PJ, 1 
U9558TLMQ, U4HAFJGRX, 1 
U94E0CKC4, UDD5A13CJ, 1 
U4DBNDVAL, U1JDCJE31, 1 
U0Z2D5GGY, U93GXHPA7, 1 
U938Y4H1P, U4365G4AU, 1 
U966AN0JD, UB0SVMJ8K, 1 
UC7JZG36C, U4HAFJGRX, 1 
U94J27HB3, UGLGS3TQS, 1 
U93GXHPA7, U9NFAUFU0, 1 
UF9TRDAGP, U15CJU8U8, 1 
UB8L6ANL9, U96EX75RN, 1 
UG4QL2SQL, UDD5A13CJ, 1 
UFR6Y59RT, UDZNG4FL7, 1 
UEGB506PJ, UB1ATRBQV, 1 
U9LPTQL4T, U96EX75RN, 1 
UABFDCBA4, UF47EQSL9, 1 
U4H8SC4GH, UDD5A13CJ, 1 
UB8L6ANL9, UABFDCBA4, 1 
UB29NHSKH, UDXUSCGE4, 1 
U0Z2D5GGY, U94E0CKC4, 1 
UF6B430KG, U938Y4H1P, 1 
UGTD7K988, U9558TLMQ, 1 
UB8L6ANL9, U9558TLMQ, 1 
U4H8SC4GH, U4365G4AU, 1 
U1NHMP16K, U966AN0JD, 1 
U0K8V3V9D, U94E0CKC4, 1 
U93GXHPA7, UGLGS3TQS, 1 
U962U594H, U4HAFJGRX, 1 
U9743VA3W, UCC28R0GL, 1 
U0AA4Q8LS, UF6B430KG, 1 
UDZNG4FL7, U966AN0JD, 1 
UBQ2YM5BR, UBEB4651V, 1 
UB0SVMJ8K, UB1ATRBQV, 1 
U1JDCJE31, U0Z2D5GGY, 1 
U4HAFJGRX, U15CJU8U8, 1 
U0AB2JQFK, U9LPTQL4T, 1 
UC1QPKJRF, U94E0CKC4, 1 
U0Z2D5GGY, UC7JZG36C, 1 
U4HAFJGRX, U94E0CKC4, 1 
U2Q6RKFQR, U938Y4H1P, 1 
U4H8SC4GH, UEJRBKFMH, 1 
UABFDCBA4, UF9TRDAGP, 1 
U1JDCJE31, UB0SVMJ8K, 1 
U1NHMP16K, U0Z2D5GGY, 1 
U962U594H, UD7947N7M, 1 
UGLGS3TQS, UB1ATRBQV, 1 
U962U594H, U96J96UJY, 1 
UG4QL2SQL, U15CJU8U8, 1 
UG4QL2SQL, UBM7N6HGF, 1 
U96J96UJY, U9743VA3W, 1 
U0AB2JQFK, U95G5911R, 1 
U9558TLMQ, U0K8V3V9D, 1 
UC1QPKJRF, UB1ATRBQV, 1 
U93GXHPA7, U966AN0JD, 1 
UCC28R0GL, U9743VA3W, 1 
UEGB506PJ, U4DBNDVAL, 1 
UAN783ZJ6, U1JDCJE31, 1 
U15CJU8U8, UDCQT5MA8, 1 
UGTD7K988, U15CJU8U8, 1 
UB8L6ANL9, UA9QGGZU5, 1 
U2NAF0TEV, U0Z2D5GGY, 1 
UHAUF3NN4, U94J27HB3, 1 
U9558TLMQ, UCC28R0GL, 1 
U4DBNDVAL, UB8L6ANL9, 1 
UB8L6ANL9, U2Q6RKFQR, 1 
U962U594H, UDCQT5MA8, 1 
UDD5A13CJ, UCC28R0GL, 1 
U95G5911R, U4DBNDVAL, 1 
UEGB506PJ, UFP2SC03D, 1 
U4HAFJGRX, UB29NHSKH, 1 
UAN783ZJ6, UABFDCBA4, 1 
U0AB2JQFK, UG4QL2SQL, 1 
UD7947N7M, U4DBNDVAL, 1 
U9LPTQL4T, U9558TLMQ, 1 
UAN783ZJ6, U96J96UJY, 1 
U94J27HB3, UBM7N6HGF, 1 
UFFUD4TSB, UB29NHSKH, 1 
UCC28R0GL, UGMT8LWQ2, 1 
U4H8SC4GH, U9NFAUFU0, 1 
U4H8SC4GH, U9558TLMQ, 1 
U4H8SC4GH, U15CJU8U8, 1 
U15CJU8U8, U4JMWGSCW, 1 
UEGB506PJ, UC7JZG36C, 1 
UBEB4651V, UF9TRDAGP, 1 
UABFDCBA4, U4DBNDVAL, 1 
UCC28R0GL, U95HEFZV5, 1 
U962U594H, U2KQRJM6V, 1 
U4HAFJGRX, U1JDCJE31, 1 
UC1QPKJRF, U1NHMP16K, 1 
UF47EQSL9, UD7947N7M, 1 
U9558TLMQ, U9NFAUFU0, 1 
UB8L6ANL9, UD7947N7M, 1 
UB8L6ANL9, UF47EQSL9, 1 
UDZNG4FL7, UB8LF3N67, 1 
U95G5911R, U96J96UJY, 1 
UABFDCBA4, U95G5911R, 1 
UFFUD4TSB, U96J96UJY, 1 
U1JDCJE31, U966AN0JD, 1 
U0K8V3V9D, U93GXHPA7, 1 
U15CJU8U8, U4HAFJGRX, 1 
UCC28R0GL, U95G5911R, 1 
UEMHXN465, UC1QPKJRF, 1 
U94E0CKC4, U96J96UJY, 1 
U0Z2D5GGY, UABFDCBA4, 1 
UAN783ZJ6, U1NHMP16K, 1 
U94E0CKC4, UDXUSCGE4, 1 
